old-name	new-name
33-year-old_Nikola_Tesla_1881_Serbian-American_inventor_-_Tal_0f327e81-bb8d-41bd-9c36-6986471745ed_1.png	nikola-tesla-1881-serbian-american-inventor-tal.png
33-year-old_Satyendra_Nath_Bose_1924_Indian_physicist_-_Mediu_9bf97849-b633-4d8c-a555-e3585d584dc6_1.png	satyendra-nath-bose-1924-indian-physicist-mediu-01.png
33-year-old_Satyendra_Nath_Bose_1924_Indian_physicist_-_Mediu_d07cc635-f061-4458-b5e4-68ab4366f5ec_2.png	satyendra-nath-bose-1924-indian-physicist-mediu-02.png
33-year-old_Subrahmanyan_Chandrasekhar_1983_Indian-American_a_3105e71b-a50c-41ce-9bd4-f402e7931485_0.png	subrahmanyan-chandrasekhar-1983-indian-american-a-01.png
33-year-old_Subrahmanyan_Chandrasekhar_1983_Indian-American_a_a011cee4-acd6-403a-8444-3065fadcaee6_2.png	subrahmanyan-chandrasekhar-1983-indian-american-a-02.png
A_beautiful_supermodel_wwoman_with_long_black_hair_and_bright_b20ec07e-a92f-4736-95c6-7646c9f37c9f_0.png	beautiful-supermodel-wwoman-with-long-black-hair-and-bright.png
A_handsome_man_with_long_curly_hair_wearing_a_black_and_white_23bc1d7a-a2cd-4cfc-a3db-4a089b874c57_0.png	handsome-man-with-long-curly-hair-wearing-a-black-and-white-01.png
A_handsome_man_with_long_curly_hair_wearing_a_black_and_white_23bc1d7a-a2cd-4cfc-a3db-4a089b874c57_3.png	handsome-man-with-long-curly-hair-wearing-a-black-and-white-02.png
A_handsome_man_with_long_curly_hair_wearing_a_black_and_white_c7fef8a2-44b2-4a4b-966b-39ebe58f58af_2.png	handsome-man-with-long-curly-hair-wearing-a-black-and-white-03.png
A_job_seeker_sitting_at_a_laptop_in_a_dark_room_surrounded_by_69389e44-0975-4bc5-bcb7-6db67e09856f_0.png	job-seeker-sitting-at-a-laptop-in-a-dark-room-surrounded-by.png
A_mythical_griffin_with_the_body_tail_and_back_legs_of_a_lion_1c2a5d91-c022-4213-9850-e87e0c45f3e8_0.png	animal-mythical-griffin-with-the-body-tail-and-back-legs-of-a-lion.png
a_vector_illustration_of_an_ape_in_the_woods_in_the_style_of__9341e60d-3054-443a-9ce6-d75a124d27ae_1.png	animal-vector-illustration-of-an-ape-in-the-woods-in-the-style-of-01.png
a_vector_illustration_of_an_ape_in_the_woods_in_the_style_of__a1e699b3-dc87-4fb7-ae64-185f97fb21bc_0.png	animal-vector-illustration-of-an-ape-in-the-woods-in-the-style-of-02.png
a_vector_illustration_of_an_ape_in_the_woods_in_the_style_of__a1e699b3-dc87-4fb7-ae64-185f97fb21bc_1.png	animal-vector-illustration-of-an-ape-in-the-woods-in-the-style-of-03.png
And_the_animals_all_went_into_the_ark_To_get_out_of_the_rain__3410127b-2b71-4efb-a88a-1ea4bfa614b2_1.png	and-the-animals-all-went-into-the-ark-to-get-out-of-01.png
And_the_animals_all_went_into_the_ark_To_get_out_of_the_rain__484bf589-dc7f-4e94-8c09-76e87ec55db4_0.png	and-the-animals-all-went-into-the-ark-to-get-out-of-02.png
And_the_animals_all_went_into_the_ark_To_get_out_of_the_rain__484bf589-dc7f-4e94-8c09-76e87ec55db4_1.png	and-the-animals-all-went-into-the-ark-to-get-out-of-03.png
And_the_animals_all_went_into_the_ark_To_get_out_of_the_rain__484bf589-dc7f-4e94-8c09-76e87ec55db4_2.png	and-the-animals-all-went-into-the-ark-to-get-out-of-04.png
And_the_animals_all_went_into_the_ark_To_get_out_of_the_rain__484bf589-dc7f-4e94-8c09-76e87ec55db4_3.png	and-the-animals-all-went-into-the-ark-to-get-out-of-05.png
And_the_animals_all_went_into_the_ark_To_get_out_of_the_rain__598444f1-ffc8-476f-93c8-a64643dd96f2_0.png	and-the-animals-all-went-into-the-ark-to-get-out-of-06.png
And_the_animals_all_went_into_the_ark_To_get_out_of_the_rain__598444f1-ffc8-476f-93c8-a64643dd96f2_2.png	and-the-animals-all-went-into-the-ark-to-get-out-of-07.png
And_the_animals_all_went_into_the_ark_To_get_out_of_the_rain__b32a7930-83b8-4fb7-a7de-9a0eeedbe51d_0.png	and-the-animals-all-went-into-the-ark-to-get-out-of-08.png
And_the_animals_all_went_into_the_ark_To_get_out_of_the_rain__b32a7930-83b8-4fb7-a7de-9a0eeedbe51d_1.png	and-the-animals-all-went-into-the-ark-to-get-out-of-09.png
And_the_animals_all_went_into_the_ark_To_get_out_of_the_rain__b32a7930-83b8-4fb7-a7de-9a0eeedbe51d_2.png	and-the-animals-all-went-into-the-ark-to-get-out-of-10.png
And_the_animals_all_went_into_the_ark_To_get_out_of_the_rain__b32a7930-83b8-4fb7-a7de-9a0eeedbe51d_3.png	and-the-animals-all-went-into-the-ark-to-get-out-of-11.png
And_the_animals_all_went_into_the_ark_To_get_out_of_the_rain__d9bc64ae-8784-4efc-a85e-03dc77259547_2.png	and-the-animals-all-went-into-the-ark-to-get-out-of-12.png
And_the_animals_all_went_into_the_ark_To_get_out_of_the_rain__d9bc64ae-8784-4efc-a85e-03dc77259547_3.png	and-the-animals-all-went-into-the-ark-to-get-out-of-13.png
And_the_animals_all_went_into_the_ark_To_get_out_of_the_rain__d9c92c9e-2158-441e-a0ad-c3da3f969a1b_0.png	and-the-animals-all-went-into-the-ark-to-get-out-of-14.png
And_the_animals_all_went_into_the_ark_To_get_out_of_the_rain__d9c92c9e-2158-441e-a0ad-c3da3f969a1b_1.png	and-the-animals-all-went-into-the-ark-to-get-out-of-15.png
And_the_animals_all_went_into_the_ark_To_get_out_of_the_rain__d9c92c9e-2158-441e-a0ad-c3da3f969a1b_2.png	and-the-animals-all-went-into-the-ark-to-get-out-of-16.png
And_two_proud_bears_came_lumbering_through_And_they_all_went__9a210319-d028-4415-8114-ba721d3f982a_0.png	and-two-proud-bears-came-lumbering-through-and-they-all-went.png
Angels_God_loves_me_this_I_know_For_whispers_in_the_wind_do_s_037442eb-b31e-40fa-bff1-5529a9f0983c_1.png	angels-god-loves-me-this-i-know-for-whispers-in-the-wind.png
Angels_Lord_keep_us_safe_this_night_Secure_us_from_our_fear_L_3484ee49-9415-4f20-999f-e67b9c79673c_0.png	angels-lord-keep-us-safe-this-night-secure-us-from-our-fear-01.png
Angels_Lord_keep_us_safe_this_night_Secure_us_from_our_fear_L_5732c575-c9fb-4878-a0e6-ea70e9b05096_1.png	angels-lord-keep-us-safe-this-night-secure-us-from-our-fear-02.png
Angels_Lord_keep_us_safe_this_night_Secure_us_from_our_fear_L_5c6a0696-e6e0-490f-a901-c5babb3c46c9_3.png	angels-lord-keep-us-safe-this-night-secure-us-from-our-fear-03.png
Angels_Lord_keep_us_safe_this_night_Secure_us_from_our_fear_L_6a321571-eea4-41bf-b5e5-00a41664c176_3.png	angels-lord-keep-us-safe-this-night-secure-us-from-our-fear-04.png
Angels_Lord_keep_us_safe_this_night_Secure_us_from_our_fear_L_c7ac3e6e-e238-42c1-927b-09263cf039eb_0.png	angels-lord-keep-us-safe-this-night-secure-us-from-our-fear-05.png
Angels_Lord_keep_us_safe_this_night_Secure_us_from_our_fear_L_c7ac3e6e-e238-42c1-927b-09263cf039eb_2.png	angels-lord-keep-us-safe-this-night-secure-us-from-our-fear-06.png
Artemis_Fowl__full_body_flat_vector_art._thick_black_lines._w_0e072929-5955-4c16-b336-0ed56470006b_0.png	artemis-fowl-01.png
Artemis_Fowl__full_body_flat_vector_art._thick_black_lines._w_0e072929-5955-4c16-b336-0ed56470006b_1.png	artemis-fowl-02.png
Artemis_Fowl__full_body_flat_vector_art._thick_black_lines._w_0e072929-5955-4c16-b336-0ed56470006b_2.png	artemis-fowl-03.png
Artemis_Fowl__full_body_flat_vector_art._thick_black_lines._w_f993517a-54d6-4a0a-8680-501f9e45d4fb_2.png	artemis-fowl-04.png
Atticus_Finch__full_body_flat_vector_art._thick_black_lines.__38f23fa0-3400-4bfa-bb37-59ab29e283c0_0.png	atticus-finch-01.png
Atticus_Finch__full_body_flat_vector_art._thick_black_lines.__38f23fa0-3400-4bfa-bb37-59ab29e283c0_1.png	atticus-finch-02.png
Atticus_Finch__full_body_flat_vector_art._thick_black_lines.__65b4c69d-db0e-4587-acbe-0d385032d469_2.png	atticus-finch-03.png
Aurora_Deer_A_mystical_stag_with_translucent_antlers_that_shi_2f6e5b06-b446-4c59-8799-8c95ec045fda_0.png	animal-aurora-deer-a-mystical-stag-with-translucent-antlers-that-shi-01.png
Aurora_Deer_A_mystical_stag_with_translucent_antlers_that_shi_2f6e5b06-b446-4c59-8799-8c95ec045fda_1.png	animal-aurora-deer-a-mystical-stag-with-translucent-antlers-that-shi-02.png
B0_shepherd_figures_standing_in_open_fields_watching_sheep_ph_06a3cfc9-8c38-4604-82e2-a021324b9497_2.png	animal-shepherd-figures-standing-in-open-fields-watching-sheep-ph-01.png
B0_shepherd_figures_standing_in_open_fields_watching_sheep_ph_bd23e97b-afee-4890-9a54-7237fcc55158_0.png	animal-shepherd-figures-standing-in-open-fields-watching-sheep-ph-02.png
B0_shepherd_figures_standing_in_open_fields_watching_sheep_ph_bd23e97b-afee-4890-9a54-7237fcc55158_2.png	animal-shepherd-figures-standing-in-open-fields-watching-sheep-ph-03.png
B1_angelic_figures_hovering_above_the_field_with_soft_glowing_52866466-956a-49e5-bb21-9170e268a15d_0.png	angelic-figures-hovering-above-the-field-with-soft-glowing-01.png
B1_angelic_figures_hovering_above_the_field_with_soft_glowing_52866466-956a-49e5-bb21-9170e268a15d_3.png	angelic-figures-hovering-above-the-field-with-soft-glowing-02.png
Balthazar_bearded_magus_in_elaborate_robes_crown_holding_myrr_dac8b674-fa55-40d9-888c-4ef470304e59_0.png	balthazar-bearded-magus-in-elaborate-robes-crown-holding-myrr-01.png
Balthazar_bearded_magus_in_elaborate_robes_crown_holding_myrr_dac8b674-fa55-40d9-888c-4ef470304e59_2.png	balthazar-bearded-magus-in-elaborate-robes-crown-holding-myrr-02.png
Bear__full_body_flat_vector_art._thick_black_lines._white_bac_6501f4c3-151a-4677-9fd4-01a855470ad0_2.png	animal-bear-01.png
Bear__full_body_flat_vector_art._thick_black_lines._white_bac_6501f4c3-151a-4677-9fd4-01a855470ad0_3.png	animal-bear-02.png
Bear__full_body_flat_vector_art._thick_black_lines._white_bac_8c17bb88-4ded-449b-a047-090ea84190bc_1.png	animal-bear-03.png
Bear__full_body_flat_vector_art._thick_black_lines._white_bac_8c17bb88-4ded-449b-a047-090ea84190bc_2.png	animal-bear-04.png
Bear__full_body_flat_vector_art._thick_black_lines._white_bac_8c17bb88-4ded-449b-a047-090ea84190bc_3.png	animal-bear-05.png
Bear__full_body_flat_vector_art._thick_black_lines._white_bac_a8ecd88f-4a7d-4184-a3fb-7677785002b2_1.png	animal-bear-06.png
Bear__full_body_flat_vector_art._thick_black_lines._white_bac_b9d0ff23-5ad2-4532-a23c-2bd960008854_0.png	animal-bear-07.png
Bear__full_body_flat_vector_art._thick_black_lines._white_bac_b9d0ff23-5ad2-4532-a23c-2bd960008854_1.png	animal-bear-08.png
Bear__full_body_flat_vector_art._thick_black_lines._white_bac_e619fa3f-45e9-49ad-b061-a0d924eaa1a8_3.png	animal-bear-09.png
Bear__full_body_flat_vector_art._thick_black_lines._white_bac_ec2dc07a-0859-4c98-ab8a-3ec39e6a0e36_1.png	animal-bear-10.png
Bed_bug__full_body_flat_vector_art._thick_black_lines._white__3d9fcaaa-9260-44b5-a101-ff2b95ae8c58_3.png	animal-bed-bug-01.png
Bed_bug__full_body_flat_vector_art._thick_black_lines._white__687f5c98-227e-484f-b4f4-3f8eec07308e_1.png	animal-bed-bug-02.png
Bed_bug__full_body_flat_vector_art._thick_black_lines._white__687f5c98-227e-484f-b4f4-3f8eec07308e_3.png	animal-bed-bug-03.png
Bed_bug__full_body_flat_vector_art._thick_black_lines._white__9d0760eb-8250-483c-9de3-6015df3a4a33_1.png	animal-bed-bug-04.png
Belgian_Hare_A_Belgian_Hare_rabbit_lean_and_muscular_rich_mah_01bbfca9-0645-4e53-8ee1-9ef5d2fce4ce_3.png	animal-belgian-hare-a-belgian-hare-rabbit-lean-and-muscular-rich-mah.png
Black_and_white_photography_Barack_Obama_Laughing_--ar_169_--_a2a5ebaa-e8d0-490b-be65-0578de17f482_2.png	black-and-white-photography-barack-obama-laughing-ar-169-01.png
Black_and_white_photography_Barack_Obama_Laughing_--ar_169_--_a2a5ebaa-e8d0-490b-be65-0578de17f482_3.png	black-and-white-photography-barack-obama-laughing-ar-169-02.png
Black_and_white_photography_Barack_Obama_Laughing_--ar_169_--_a3cd4f66-dcb1-43b8-b821-3902dfe92644_0.png	black-and-white-photography-barack-obama-laughing-ar-169-03.png
Blue_whale__full_body_flat_vector_art._thick_black_lines._whi_2aeda9b6-70b4-445b-8a66-dcc9bc0fd36b_2.png	animal-blue-whale.png
Bluebottle_fly__full_body_flat_vector_art._thick_black_lines._52b46f6a-69dd-402c-a922-eb60bcfeae28_0.png	animal-bluebottle-fly-01.png
Bluebottle_fly__full_body_flat_vector_art._thick_black_lines._f9ffe224-a180-46c7-a43a-c5fd88f39512_0.png	animal-bluebottle-fly-02.png
Brahma_shrugging_shoulders_with_palms_up_birds_eye_view_a_min_3c985e77-b76d-4379-bd98-39b44654060a_0.png	brahma-shrugging-shoulders-with-palms-up-birds-eye-view-a-min-01.png
Brahma_shrugging_shoulders_with_palms_up_birds_eye_view_a_min_3c985e77-b76d-4379-bd98-39b44654060a_3.png	brahma-shrugging-shoulders-with-palms-up-birds-eye-view-a-min-02.png
Brahma_shrugging_shoulders_with_palms_up_birds_eye_view_a_min_618d7da2-8922-49e9-b5b4-0da6055d3004_1.png	brahma-shrugging-shoulders-with-palms-up-birds-eye-view-a-min-03.png
Brahma_shrugging_shoulders_with_palms_up_birds_eye_view_a_min_618d7da2-8922-49e9-b5b4-0da6055d3004_2.png	brahma-shrugging-shoulders-with-palms-up-birds-eye-view-a-min-04.png
Brahma_shrugging_shoulders_with_palms_up_birds_eye_view_a_min_98b753a0-6777-4359-9577-ebd0fb363f8b_2.png	brahma-shrugging-shoulders-with-palms-up-birds-eye-view-a-min-05.png
Brahma_shrugging_shoulders_with_palms_up_birds_eye_view_a_min_9d646d0d-c159-47b3-8925-cb413562e04c_0.png	brahma-shrugging-shoulders-with-palms-up-birds-eye-view-a-min-06.png
Brahma_shrugging_shoulders_with_palms_up_birds_eye_view_a_min_f769c648-8efd-42c2-8273-217b5e147597_0.png	brahma-shrugging-shoulders-with-palms-up-birds-eye-view-a-min-07.png
Brahma_shrugging_shoulders_with_palms_up_birds_eye_view_a_min_fc5ef1b5-37e9-483c-928c-4a1f8e222fac_0.png	brahma-shrugging-shoulders-with-palms-up-birds-eye-view-a-min-08.png
bunny_rabbit__full_body_flat_vector_art._thick_black_lines._w_5608deef-226c-4e70-8369-92a9393e5152_0.png	animal-bunny-rabbit-01.png
bunny_rabbit__full_body_flat_vector_art._thick_black_lines._w_be9d4dff-22b9-42a4-8bd3-8b1b357a523f_3.png	animal-bunny-rabbit-02.png
bunny_rabbit_full_body_flat_vector_art._thick_black_lines._wh_16e2f805-9e72-461f-9e68-9f99e4c0fdaf_0.png	animal-bunny-rabbit-03.png
bunny_rabbit_full_body_flat_vector_art._thick_black_lines._wh_16e2f805-9e72-461f-9e68-9f99e4c0fdaf_2.png	animal-bunny-rabbit-04.png
bunny_rabbit_full_body_flat_vector_art._thick_black_lines._wh_411403b5-f34e-4c3a-ac29-422dbf741330_0.png	animal-bunny-rabbit-05.png
bunny_rabbit_full_body_flat_vector_art._thick_black_lines._wh_411403b5-f34e-4c3a-ac29-422dbf741330_1.png	animal-bunny-rabbit-06.png
bunny_rabbit_full_body_flat_vector_art._thick_black_lines._wh_5e8da773-6dda-4e33-ba21-8bf6a7122b41_0.png	animal-bunny-rabbit-07.png
bunny_rabbit_full_body_flat_vector_art._thick_black_lines._wh_cecd47a8-4c43-4097-a565-05ff54843379_1.png	animal-bunny-rabbit-08.png
bunny_rabbit_full_body_flat_vector_art._thick_black_lines._wh_cecd47a8-4c43-4097-a565-05ff54843379_3.png	animal-bunny-rabbit-09.png
Caspar_A_younger_king_with_a_ruddy_complexion_bearing_frankin_325c0d65-6993-4ab0-972b-ba7aba8f3772_3.png	caspar-a-younger-king-with-a-ruddy-complexion-bearing-frankin.png
Cheetah__full_body_flat_vector_art._thick_black_lines._white__0896f70b-9293-40f6-80c7-be8bc9d05054_2.png	animal-cheetah-01.png
Cheetah__full_body_flat_vector_art._thick_black_lines._white__542a9883-35b6-41c1-a0dc-74c014758f4a_0.png	animal-cheetah-02.png
Cheetah__full_body_flat_vector_art._thick_black_lines._white__542a9883-35b6-41c1-a0dc-74c014758f4a_1.png	animal-cheetah-03.png
Cheetah__full_body_flat_vector_art._thick_black_lines._white__57fcb54d-437c-42bd-9e9d-dfb623929258_2.png	animal-cheetah-04.png
Cheetah__full_body_flat_vector_art._thick_black_lines._white__7e85770c-77b0-46f3-b5fb-dd0379ec77cc_1.png	animal-cheetah-05.png
Cheetah__full_body_flat_vector_art._thick_black_lines._white__7e85770c-77b0-46f3-b5fb-dd0379ec77cc_3.png	animal-cheetah-06.png
Chimpanzee__full_body_flat_vector_art._thick_black_lines._whi_17832e3a-71b2-43d6-8e55-e00e2d4c8750_0.png	animal-chimpanzee.png
Choir_Angel_Child_A_young_child_in_a_red_cassock_and_white_su_8f669178-9adc-46bc-a64d-6e504a973bc5_3.png	choir-angel-child-a-young-child-in-a-red-cassock-and-white.png
Cicada__full_body_flat_vector_art._thick_black_lines._white_b_83bfc8fa-5e5c-4b0d-a67e-41b033840470_1.png	animal-cicada-01.png
Cicada__full_body_flat_vector_art._thick_black_lines._white_b_a830ee8c-fcc2-40ce-961d-cd593d6a46c8_0.png	animal-cicada-02.png
Cicada__full_body_flat_vector_art._thick_black_lines._white_b_c0de0d4d-b568-407b-8e22-41f257344b24_2.png	animal-cicada-03.png
Cicada__full_body_flat_vector_art._thick_black_lines._white_b_c0de0d4d-b568-407b-8e22-41f257344b24_3.png	animal-cicada-04.png
Clarence_Odbody_Angel_earning_his_wings.__in_a_parlor_filled__38875792-d768-4074-8a7e-087173afeb91_1.png	clarence-odbody-angel-earning-his-wings-in-a-parlor-filled-01.png
Clarence_Odbody_Angel_earning_his_wings.__in_a_parlor_filled__38875792-d768-4074-8a7e-087173afeb91_2.png	clarence-odbody-angel-earning-his-wings-in-a-parlor-filled-02.png
Close-up_of_the_dolls_hands_burlap_paws_resting_open_on_its_l_154d7b50-84e1-4bbb-91a7-01e35523f244_0.png	close-up-of-the-dolls-hands-burlap-paws-resting-open-on-its-01.png
Close-up_of_the_dolls_hands_burlap_paws_resting_open_on_its_l_43d21a58-4ce3-4ee5-9a2d-1d811278dff3_0.png	close-up-of-the-dolls-hands-burlap-paws-resting-open-on-its-02.png
Close-up_of_the_dolls_hands_burlap_paws_resting_open_on_its_l_fbea323d-b37a-4de8-ae46-160a0375815a_0.png	close-up-of-the-dolls-hands-burlap-paws-resting-open-on-its-03.png
Coal-Carrier_Phantom_hunched_figure_with_sack_over_shoulder_t_15b9f5cc-ed86-4475-bdf7-197c8858d073_1.png	coal-carrier-phantom-hunched-figure-with-sack-over-shoulder-t-01.png
Coal-Carrier_Phantom_Hunched_figure_with_sack_over_shoulder_t_367c5e55-4918-42c7-b1aa-b4bf489b55e5_2.png	coal-carrier-phantom-hunched-figure-with-sack-over-shoulder-t-02.png
Coal-Carrier_Phantom_Leaves_sooty_warnings.__on_a_stack_of_ye_81fdd4d6-2172-43f2-b2a6-1baf9fc0ab36_1.png	coal-carrier-phantom-leaves-sooty-warnings-on-a-stack-of-ye-01.png
Coal-Carrier_Phantom_Leaves_sooty_warnings.__on_a_stack_of_ye_81fdd4d6-2172-43f2-b2a6-1baf9fc0ab36_2.png	coal-carrier-phantom-leaves-sooty-warnings-on-a-stack-of-ye-02.png
Cottontail_wild_A_wild_Eastern_Cottontail_rabbit_crouched_in__694bbec5-4aca-4373-943d-110abe3d379c_2.png	animal-cottontail-wild-a-wild-eastern-cottontail-rabbit-crouched-in.png
Cut_to_Tight_shot_of_two_modern_LED_headlights_mounted_on_a_s_15aba71e-2bf5-4c28-b57a-231528c1350b_3.png	cut-to-tight-shot-of-two-modern-led-headlights-mounted-on-a-01.png
Cut_to_Tight_shot_of_two_modern_LED_headlights_mounted_on_a_s_c7ee5dff-ee69-4d76-b726-fbe1621d6159_1.png	cut-to-tight-shot-of-two-modern-led-headlights-mounted-on-a-02.png
Cut_to_Tight_shot_of_two_modern_LED_headlights_mounted_on_a_s_cd7f8611-a180-4614-bca7-30dd309db6ab_1.png	cut-to-tight-shot-of-two-modern-led-headlights-mounted-on-a-03.png
Cut_to_Tight_shot_of_two_modern_LED_headlights_mounted_on_a_s_cd7f8611-a180-4614-bca7-30dd309db6ab_3.png	cut-to-tight-shot-of-two-modern-led-headlights-mounted-on-a-04.png
D0_the_33-year-old_Jesus_sleeping_peacefully_as_the_space_gro_a4c665a8-be6c-4785-8a2f-ec4dd70f4e02_2.png	33-year-old-jesus-sleeping-peacefully-as-the-space-gro-01.png
D0_the_33-year-old_Jesus_sleeping_peacefully_as_the_space_gro_b263b856-d042-42fd-8977-59e67dba749f_0.png	33-year-old-jesus-sleeping-peacefully-as-the-space-gro-02.png
deer_flat_vector_art._thick_black_lines._robot_black_lines_on_0cb63f6b-0c64-4799-b74f-5dbd7670acbf_1.png	animal-deer-01.png
deer_flat_vector_art._thick_black_lines._robot_black_lines_on_35653e4b-c4ec-48f3-96a7-878e6efa4419_1.png	animal-deer-02.png
deer_flat_vector_art._thick_black_lines._white_background_min_c3f5787f-1850-4cab-a0bc-20f67665c116_1.png	animal-deer-03.png
deer_flat_vector_art._thick_black_lines._white_background_min_c3f5787f-1850-4cab-a0bc-20f67665c116_2.png	animal-deer-04.png
Dexter_Dexters_Laboratory__full_body_flat_vector_art._thick_b_0ad45d86-f92b-41c1-830e-4d8b899c1017_2.png	dexter-dexters-laboratory-01.png
Dexter_Dexters_Laboratory__full_body_flat_vector_art._thick_b_80b20676-3794-4d3a-b846-c1eb215da9e4_0.png	dexter-dexters-laboratory-02.png
Dexter_Dexters_Laboratory__full_body_flat_vector_art._thick_b_80b20676-3794-4d3a-b846-c1eb215da9e4_2.png	dexter-dexters-laboratory-03.png
Dexter_Dexters_Laboratory__full_body_flat_vector_art._thick_b_80b20676-3794-4d3a-b846-c1eb215da9e4_3.png	dexter-dexters-laboratory-04.png
Dexter_Dexters_Laboratory__full_body_flat_vector_art._thick_b_8df9122f-3430-496b-affb-50ee7458fff6_0.png	dexter-dexters-laboratory-05.png
Dexter_Dexters_Laboratory__full_body_flat_vector_art._thick_b_8df9122f-3430-496b-affb-50ee7458fff6_2.png	dexter-dexters-laboratory-06.png
Dexter_Dexters_Laboratory__full_body_flat_vector_art._thick_b_94e52a7d-886a-49b9-9809-aea08daa5dba_0.png	dexter-dexters-laboratory-07.png
Dexter_Dexters_Laboratory__full_body_flat_vector_art._thick_b_c513681e-6878-43da-b8e9-a57b6e2004b3_0.png	dexter-dexters-laboratory-08.png
Dexter_Dexters_Laboratory__full_body_flat_vector_art._thick_b_c513681e-6878-43da-b8e9-a57b6e2004b3_2.png	dexter-dexters-laboratory-09.png
Dexter_Dexters_Laboratory__full_body_flat_vector_art._thick_b_c513681e-6878-43da-b8e9-a57b6e2004b3_3.png	dexter-dexters-laboratory-10.png
Dolphin__full_body_flat_vector_art._thick_black_lines._white__38ff2ccf-52ca-4298-a69a-a79072a0185b_1.png	animal-dolphin-01.png
Dolphin__full_body_flat_vector_art._thick_black_lines._white__6e8be0af-4a43-49f4-b63d-d9674eab4f07_2.png	animal-dolphin-02.png
Dolphin__full_body_flat_vector_art._thick_black_lines._white__b725cb4f-534d-49d1-b012-4baa50d63ff8_0.png	animal-dolphin-03.png
Dolphin__full_body_flat_vector_art._thick_black_lines._white__bde87d68-dca5-4e17-8d45-53562be8004f_2.png	animal-dolphin-04.png
Dream_of_fields_and_streams_Bathed_in_moonbeam_gleams_Cradled_8f8dde3b-4358-434b-b281-702ac69fe5e7_1.png	dream-of-fields-and-streams-bathed-in-moonbeam-gleams-cradled-01.png
Dream_of_fields_and_streams_Bathed_in_moonbeam_gleams_Cradled_a3d0eae7-1316-4364-9523-87f6441e83fb_0.png	dream-of-fields-and-streams-bathed-in-moonbeam-gleams-cradled-02.png
Dream_of_fields_and_streams_Bathed_in_moonbeam_gleams_Cradled_a3d0eae7-1316-4364-9523-87f6441e83fb_2.png	dream-of-fields-and-streams-bathed-in-moonbeam-gleams-cradled-03.png
Each_little_flower_that_opens_Each_little_bird_that_sings_He__12e35625-9ed1-4fac-aa62-28922f312780_1.png	each-little-flower-that-opens-each-little-bird-that-sings-he-01.png
Each_little_flower_that_opens_Each_little_bird_that_sings_He__12e35625-9ed1-4fac-aa62-28922f312780_3.png	each-little-flower-that-opens-each-little-bird-that-sings-he-02.png
Elephant__full_body_flat_vector_art._thick_black_lines._white_96f2619e-a773-4271-b457-f1b207375e2b_1.png	animal-elephant-01.png
Elephant__full_body_flat_vector_art._thick_black_lines._white_aaa19a09-fdd0-411b-ac65-c538857049bc_0.png	animal-elephant-02.png
Elephant__full_body_flat_vector_art._thick_black_lines._white_ac2353d6-2ccc-42b9-ba6b-d8fd896cbcb3_0.png	animal-elephant-03.png
Elephant__full_body_flat_vector_art._thick_black_lines._white_ac2353d6-2ccc-42b9-ba6b-d8fd896cbcb3_3.png	animal-elephant-04.png
Elephant__full_body_flat_vector_art._thick_black_lines._white_d3bdb6be-e746-488e-9767-b5d4e89c3ec4_0.png	animal-elephant-05.png
Elephant__full_body_flat_vector_art._thick_black_lines._white_d3bdb6be-e746-488e-9767-b5d4e89c3ec4_1.png	animal-elephant-06.png
Erlenmeyer_flask__full_body_flat_vector_art._thick_black_line_6546794a-e2da-48fb-a887-22a53bd309aa_0.png	erlenmeyer-flask-01.png
Erlenmeyer_flask__full_body_flat_vector_art._thick_black_line_7bfee13b-3300-4722-b44a-084f4be8622f_0.png	erlenmeyer-flask-02.png
Erlenmeyer_flask__full_body_flat_vector_art._thick_black_line_7bfee13b-3300-4722-b44a-084f4be8622f_3.png	erlenmeyer-flask-03.png
Erlenmeyer_flask__full_body_flat_vector_art._thick_black_line_addb162a-9475-468a-8b90-b258d4fcc73d_2.png	erlenmeyer-flask-04.png
extreme_close-up_black-and-white_photograph_of_an_edwardian_m_397bdbba-6390-4f2b-bc7f-921a96ac336c_0.png	extreme-close-up-black-and-white-photograph-of-an-edwardian-m-01.png
extreme_close-up_black-and-white_photograph_of_an_edwardian_m_a0b7da36-843e-45e1-98b0-f4847d59ff19_0.png	extreme-close-up-black-and-white-photograph-of-an-edwardian-m-02.png
Extreme_close-up_of_the_burlap_reindeer_dolls_red_felt_nose_s_1f4b6293-79e9-4fb4-a2a5-b42f104f15fb_0.png	animal-extreme-close-up-of-the-burlap-reindeer-dolls-red-felt-nose-s-01.png
Extreme_close-up_of_the_burlap_reindeer_dolls_red_felt_nose_s_6b617956-1a3b-4c52-8874-4447737bbb69_0.png	animal-extreme-close-up-of-the-burlap-reindeer-dolls-red-felt-nose-s-02.png
Fa_Mulan_Hua_Mulan_-_beautiful_27-year-old_Chinese_and_Swedis_305c24db-2b2a-41de-844d-dfb566cb21cf_0.png	fa-mulan-hua-mulan-beautiful-27-year-old-chinese-and-swedis-01.png
Fa_Mulan_Hua_Mulan_-_beautiful_27-year-old_Chinese_and_Swedis_ad0a9a1f-1781-4dec-bbdd-e1194c4acee4_0.png	fa-mulan-hua-mulan-beautiful-27-year-old-chinese-and-swedis-02.png
Fa_Mulan_Hua_Mulan_-_beautiful_27-year-old_Chinese_and_Swedis_ad0a9a1f-1781-4dec-bbdd-e1194c4acee4_1.png	fa-mulan-hua-mulan-beautiful-27-year-old-chinese-and-swedis-03.png
Fa_Mulan_Hua_Mulan_-_beautiful_27-year-old_Chinese_and_Swedis_ad0a9a1f-1781-4dec-bbdd-e1194c4acee4_2.png	fa-mulan-hua-mulan-beautiful-27-year-old-chinese-and-swedis-04.png
Fa_Mulan_Hua_Mulan_-_beautiful_27-year-old_Chinese_and_Swedis_ad0a9a1f-1781-4dec-bbdd-e1194c4acee4_3.png	fa-mulan-hua-mulan-beautiful-27-year-old-chinese-and-swedis-05.png
Faded_1970s_folk_band_promotional_photograph_four_blurred_fac_1a513f0e-83ab-41fc-bb82-cec41831dd0a_0.png	faded-1970s-folk-band-promotional-photograph-four-blurred-fac.png
Fantasy_Folk_Art_Scene_A_magical_beach_at_twilight_glowing_cr_23ca27a2-62ec-48b6-a93e-28eb00073dce_0.png	fantasy-folk-art-scene-a-magical-beach-at-twilight-glowing-cr-01.png
Fantasy_Folk_Art_Scene_A_magical_beach_at_twilight_glowing_cr_97ba810a-bd2d-4e69-8fa7-9c5473856ca3_2.png	fantasy-folk-art-scene-a-magical-beach-at-twilight-glowing-cr-02.png
Fantasy_Folk_Art_Scene_A_magical_beach_at_twilight_glowing_cr_97ba810a-bd2d-4e69-8fa7-9c5473856ca3_3.png	fantasy-folk-art-scene-a-magical-beach-at-twilight-glowing-cr-03.png
Faral_Night_Spirit_Hooded_figure_in_dark_cloak_face_obscured__7028a12e-3836-4ffe-9829-c8207cb668b9_2.png	faral-night-spirit-hooded-figure-in-dark-cloak-face-obscured.png
Firefly__lightning_bug__full_body_flat_vector_art._thick_blac_03df5d4f-c388-495d-b4c7-fe0e554e296c_0.png	animal-firefly-lightning-bug-01.png
Firefly__lightning_bug__full_body_flat_vector_art._thick_blac_c745762d-c9ca-49b1-b699-84738165bd2f_3.png	animal-firefly-lightning-bug-02.png
Fox__full_body_flat_vector_art._thick_black_lines._white_back_857e50e2-6a8c-4b0a-92ae-838e4c170fb5_1.png	animal-fox-01.png
Fox__full_body_flat_vector_art._thick_black_lines._white_back_857e50e2-6a8c-4b0a-92ae-838e4c170fb5_2.png	animal-fox-02.png
Fox__full_body_flat_vector_art._thick_black_lines._white_back_d69ea199-a1d5-4876-a67e-1263d7671c32_2.png	animal-fox-03.png
full_body_Grace_Kelly_in_black_ink._a_simple_drawing_with_jus_b3664c13-21a7-47c1-a9db-fea1c4c631d8_0.png	full-body-grace-kelly-in-black-ink-a-simple-drawing-with-jus.png
Ghost_of_Christmas_Past_Spirit_of_memory.__on_a_narrow_cobble_35253ebb-deef-43be-8493-4d8577d48710_0.png	ghost-of-christmas-past-spirit-of-memory-on-a-narrow-cobble-01.png
Ghost_of_Christmas_Past_Spirit_of_memory.__on_a_narrow_cobble_35253ebb-deef-43be-8493-4d8577d48710_1.png	ghost-of-christmas-past-spirit-of-memory-on-a-narrow-cobble-02.png
Ghost_of_Christmas_Past_Spirit_of_memory.__on_a_narrow_cobble_35253ebb-deef-43be-8493-4d8577d48710_2.png	ghost-of-christmas-past-spirit-of-memory-on-a-narrow-cobble-03.png
Ghost_of_Christmas_Past_Spirit_of_memory.__on_a_narrow_cobble_35253ebb-deef-43be-8493-4d8577d48710_3.png	ghost-of-christmas-past-spirit-of-memory-on-a-narrow-cobble-04.png
Giraffe__full_body_flat_vector_art._thick_black_lines._white__464cb927-f08b-4e0f-b36a-659cf5dc600c_3.png	animal-giraffe-01.png
Giraffe__full_body_flat_vector_art._thick_black_lines._white__52f6bf50-bf7f-4a82-8494-af509e8c5df1_2.png	animal-giraffe-02.png
Giraffe__full_body_flat_vector_art._thick_black_lines._white__bbcf3d1a-1025-4086-9996-3fef5e215050_0.png	animal-giraffe-03.png
Giraffe__full_body_flat_vector_art._thick_black_lines._white__ebc1ed99-946b-453e-89ac-b950cecee2ca_0.png	animal-giraffe-04.png
Goddess_Radha_is_the_consort_of_Lord_Krishna_and_is_often_dep_0b389ca0-a8ff-4e6c-bb71-bb55345151bc_0.png	goddess-radha-is-the-consort-of-lord-krishna-and-is-often-dep.png
Gorilla__full_body_flat_vector_art._thick_black_lines._white__64eca2e6-960d-4a5f-bca8-67f1b17e7005_0.png	animal-gorilla-01.png
Gorilla__full_body_flat_vector_art._thick_black_lines._white__83912a1a-1032-4635-8f00-dbd6881394c3_0.png	animal-gorilla-02.png
Gorilla__full_body_flat_vector_art._thick_black_lines._white__83912a1a-1032-4635-8f00-dbd6881394c3_2.png	animal-gorilla-03.png
Gorilla__full_body_flat_vector_art._thick_black_lines._white__83912a1a-1032-4635-8f00-dbd6881394c3_3.png	animal-gorilla-04.png
Grace_Kelly_Four-category_failure_taxonomy_rows_social_cohere_4fb27715-c850-4797-ba3d-86c07fe65f6d_0.png	grace-kelly-four-category-failure-taxonomy-rows-social-cohere-01.png
Grace_Kelly_Four-category_failure_taxonomy_rows_social_cohere_9ef43f23-1cff-4131-a942-1e5194efc1f5_0.png	grace-kelly-four-category-failure-taxonomy-rows-social-cohere-02.png
Grace_Kelly_Four-category_failure_taxonomy_rows_social_cohere_c7a54172-8722-4d2b-963a-388d1cea6906_1.png	grace-kelly-four-category-failure-taxonomy-rows-social-cohere-03.png
Grace_Kelly_Language-game_mismatch_two_overlapping_circles_Ve_3827720d-22f0-41f1-bec5-86816a23b4cc_3.png	grace-kelly-language-game-mismatch-two-overlapping-circles-ve.png
Grace_Kelly_The_five_supervisory_capacities_columns_capacity__248a28a2-a467-44ab-ac6e-e66e4ed0ae3a_0.png	grace-kelly-the-five-supervisory-capacities-columns-capacity-01.png
Grace_Kelly_The_five_supervisory_capacities_columns_capacity__5e5c7c9d-5f55-473c-a916-74493b6594fc_3.png	grace-kelly-the-five-supervisory-capacities-columns-capacity-02.png
Grace_Kelly_The_five_supervisory_capacities_columns_capacity__ab4ad500-bade-43d9-8665-fc18c71c4b03_3.png	grace-kelly-the-five-supervisory-capacities-columns-capacity-03.png
Grace_Kelly_Three_nodes_demographic_parity_equalized_odds_cal_a3be7e9a-6e09-490e-a64a-901979eb6423_1.png	grace-kelly-three-nodes-demographic-parity-equalized-odds-cal.png
Great_white_shark__full_body_flat_vector_art._thick_black_lin_d4768a20-1627-4b3b-9aee-8f091e9d15c3_2.png	animal-great-white-shark.png
Grizzly_bear__full_body_flat_vector_art._thick_black_lines._w_00becec3-b2f9-4b12-9a6f-c4ca066288e8_1.png	animal-grizzly-bear-01.png
Grizzly_bear__full_body_flat_vector_art._thick_black_lines._w_90b1d72d-2dde-4a8f-8202-d97227fac299_1.png	animal-grizzly-bear-02.png
Grizzly_bear__full_body_flat_vector_art._thick_black_lines._w_90b1d72d-2dde-4a8f-8202-d97227fac299_2.png	animal-grizzly-bear-03.png
Grizzly_bear__full_body_flat_vector_art._thick_black_lines._w_918b35fa-6d33-44dd-961f-659bcd05c488_1.png	animal-grizzly-bear-04.png
Grizzly_bear__full_body_flat_vector_art._thick_black_lines._w_9b34308b-358c-467a-80a0-0f00dcd7f931_1.png	animal-grizzly-bear-05.png
Grizzly_bear__full_body_flat_vector_art._thick_black_lines._w_aacfe9b7-72d9-4961-acea-8c1cdf94a637_1.png	animal-grizzly-bear-06.png
Gryffin_with_four_legs_and_a_dragons_tail_Patchwork_Chimera_S_138457ec-1aa7-46f5-80b7-88b3625da653_0.png	animal-gryffin-with-four-legs-and-a-dragons-tail-patchwork-chimera-s.png
httpss.mj.run_0iKkTe2Vm8_black-and-white_studio_photography_o_ff633424-a784-41d5-ae46-8b1b164a5c9b_1.png	o-01.png
httpss.mj.run_0iKkTe2Vm8_black-and-white_studio_photography_o_ff633424-a784-41d5-ae46-8b1b164a5c9b_3.png	o-02.png
httpss.mj.run_dsniMZOYEQ_simple_lines_and_flat_colors_illustr_736938b7-7335-49b2-9890-932c27868d8b_0.png	illustr-01.png
httpss.mj.run_dsniMZOYEQ_simple_lines_and_flat_colors_illustr_736938b7-7335-49b2-9890-932c27868d8b_2.png	illustr-02.png
httpss.mj.run_dsniMZOYEQ_simple_lines_and_flat_colors_illustr_736938b7-7335-49b2-9890-932c27868d8b_3.png	illustr-03.png
httpss.mj.run_fRIJFOkTx8_Antonia_Maury_life-like_doll_3D_scul_3762d9cd-54e5-4f38-b945-f825083ceb87_0.png	scul-01.png
httpss.mj.run_gkoWvEH3cs_Ludwig_Boltzmann_life-like_doll_3D_s_998568db-205f-453a-9cae-2650db5689cc_3.png	s-01.png
httpss.mj.run_K_V1lJHeEE_Georges_Lematre_life-like_doll_3D_sc_68916289-190b-4151-aafe-b135dba710ae_0.png	sc-01.png
httpss.mj.run_K_V1lJHeEE_Georges_Lematre_life-like_doll_3D_sc_68916289-190b-4151-aafe-b135dba710ae_2.png	sc-02.png
httpss.mj.run_K_V1lJHeEE_Georges_Lematre_life-like_doll_3D_sc_d555944b-2526-44da-b4f1-ac78ed16cb84_0.png	sc-03.png
httpss.mj.run_K_V1lJHeEE_Georges_Lematre_life-like_doll_3D_sc_d555944b-2526-44da-b4f1-ac78ed16cb84_3.png	sc-04.png
httpss.mj.run_n7rSwf52lo_Beatrix_Potter_life-like_doll_3D_scu_338af5ee-f560-4e0f-8694-65ae28436bb5_0.png	scu-01.png
httpss.mj.run_n7rSwf52lo_Beatrix_Potter_life-like_doll_3D_scu_60dd1b36-f1a6-4cff-9080-4af86cf31093_0.png	scu-02.png
httpss.mj.run_z_U4nRDIYI_John_Dewey_circa_1902_American_philo_29d727f5-7087-468c-835a-b49829b5605d_1.png	philo-01.png
httpss.mj.run_z_U4nRDIYI_John_Dewey_circa_1902_American_philo_e7261428-483f-4dd1-b45a-b4bce5521ca6_0.png	philo-02.png
httpss.mj.run_z_U4nRDIYI_John_Dewey_circa_1902_American_philo_e7261428-483f-4dd1-b45a-b4bce5521ca6_2.png	philo-03.png
httpss.mj.run_z_U4nRDIYI_John_Dewey_circa_1902_American_philo_f2ab051a-c6e8-455f-8cdf-d8394a9f4a65_0.png	philo-04.png
httpss.mj.run_z_U4nRDIYI_John_Dewey_circa_1902_American_philo_f2ab051a-c6e8-455f-8cdf-d8394a9f4a65_2.png	philo-05.png
httpss.mj.run-_Td_zIUZJw_black-and-white_photograph_of_an_ear_b12f6789-9ce8-4de4-a5ca-605c9993a6fc_0.png	ear.png
httpss.mj.run-CqWT2RP-vM_Dani_Rodrik_life-like_doll_3D_sculpt_352b4617-1567-48f5-86bf-205558f6a96f_0.png	sculpt-01.png
httpss.mj.run-CqWT2RP-vM_Dani_Rodrik_life-like_doll_3D_sculpt_352b4617-1567-48f5-86bf-205558f6a96f_3.png	sculpt-02.png
httpss.mj.run-CqWT2RP-vM_Dani_Rodrik_life-like_doll_3D_sculpt_fad0b2da-440b-45bb-8a5b-9e90ec8a77c4_2.png	sculpt-03.png
httpss.mj.run-fzNfb_TvnU_Franz_Boas_life-like_doll_3D_sculptu_22cde16b-2656-4884-bf6f-97993a0a76ea_0.png	sculptu-01.png
httpss.mj.run-fzNfb_TvnU_Franz_Boas_life-like_doll_3D_sculptu_22cde16b-2656-4884-bf6f-97993a0a76ea_2.png	sculptu-02.png
httpss.mj.run-fzNfb_TvnU_Franz_Boas_life-like_doll_3D_sculptu_39eb4292-3be5-47a8-896f-a5fe9fce7846_1.png	sculptu-03.png
httpss.mj.run-fzNfb_TvnU_Franz_Boas_life-like_doll_3D_sculptu_39eb4292-3be5-47a8-896f-a5fe9fce7846_2.png	sculptu-04.png
httpss.mj.run-fzNfb_TvnU_Franz_Boas_life-like_doll_3D_sculptu_39eb4292-3be5-47a8-896f-a5fe9fce7846_3.png	sculptu-05.png
httpss.mj.run-Qn2A4tWKGw_Tibbers_close_up_of_a_scary_looking__d3ecb9b9-efa2-4d0c-9da6-290ad1dbb7a4_2.png	image-001.png
httpss.mj.run-TqsPR_6qLs_Sol_LeWitt_life-like_doll_3D_sculptu_c890c2d0-3750-4bf6-ae0c-a433cf6218e8_2.png	sculptu-06.png
httpss.mj.run-U1rO-4vMmw_right_side_shows_a_small_agile_speed_0f5b5faf-bbd7-4261-ae6a-db12e347aa56_3.png	speed-01.png
httpss.mj.run-U1rO-4vMmw_right_side_shows_a_small_agile_speed_f6b65331-5fe0-4f52-9332-eeb35266f540_1.png	speed-02.png
httpss.mj.run0Ck4SSE7Ou8_Harriet_Martineau_life-like_doll_3D__21830f5a-1d6f-4333-949d-6ff5d817f628_0.png	image-002.png
httpss.mj.run0Ck4SSE7Ou8_Harriet_Martineau_life-like_doll_3D__397a7fd5-4361-4ffd-89b0-f843eedb0d30_1.png	image-003.png
httpss.mj.run0Ck4SSE7Ou8_Harriet_Martineau_life-like_doll_3D__397a7fd5-4361-4ffd-89b0-f843eedb0d30_2.png	image-004.png
httpss.mj.run0ip0HocBusw_Joseph_Priestley_life-like_doll_3D_s_c4768983-0786-44fa-9018-83342d08b632_0.png	s-02.png
httpss.mj.run0ip0HocBusw_Joseph_Priestley_life-like_doll_3D_s_c4768983-0786-44fa-9018-83342d08b632_3.png	s-03.png
httpss.mj.run0YUn1lhCQvM_black_and_white_photograph_of_Sacred_1821057f-f591-42f5-8f1e-b58cd524d9d1_1.png	sacred-01.png
httpss.mj.run0YUn1lhCQvM_black_and_white_photograph_of_Sacred_ae58d31e-6b22-4cde-a0e3-78d8413dd88c_2.png	sacred-02.png
httpss.mj.run16ztptH1slM_wooden_robot_with_red_eyes_and_an_an_393b4c56-14f2-4848-b988-d4a3ef97d054_0.png	image-005.png
httpss.mj.run16ztptH1slM_wooden_robot_with_red_eyes_and_an_an_a648b546-fa91-46f4-9f5d-ae7393ebb066_1.png	image-006.png
httpss.mj.run1EOjKiBHROM_Henry_Oldenburg_life-like_doll_3D_sc_07f5ea0f-b375-4e02-a02b-052efd3663e9_0.png	sc-05.png
httpss.mj.run1EOjKiBHROM_Henry_Oldenburg_life-like_doll_3D_sc_07f5ea0f-b375-4e02-a02b-052efd3663e9_3.png	sc-06.png
httpss.mj.run1EOjKiBHROM_Henry_Oldenburg_life-like_doll_3D_sc_d342fd43-0c26-4e3a-aa7f-09ba79dda842_2.png	sc-07.png
httpss.mj.run1EOjKiBHROM_Henry_Oldenburg_life-like_doll_3D_sc_fe7ac451-c2a2-4717-8164-dff35bcb3f84_2.png	sc-08.png
httpss.mj.run1UkcySQFRMY_Sydney_Brenner_life-like_doll_3D_scu_9e0298fe-7821-4e5b-91ab-72670633397c_3.png	scu-03.png
httpss.mj.run284qKgQ0Rdw_Nikola_Tesla_life-like_doll_3D_sculp_448c5abd-7312-4436-93db-b8a4f1a15156_0.png	sculp-01.png
httpss.mj.run284qKgQ0Rdw_Nikola_Tesla_life-like_doll_3D_sculp_448c5abd-7312-4436-93db-b8a4f1a15156_1.png	sculp-02.png
httpss.mj.run284qKgQ0Rdw_Nikola_Tesla_life-like_doll_3D_sculp_9ab2837d-c093-45e3-95cf-99e5e70b1b91_1.png	sculp-03.png
httpss.mj.run284qKgQ0Rdw_Nikola_Tesla_life-like_doll_3D_sculp_b08bfc46-7ebd-4e6d-a67c-3d39cbae9bf5_0.png	sculp-04.png
httpss.mj.run284qKgQ0Rdw_Nikola_Tesla_life-like_doll_3D_sculp_d7ce5fb6-3731-4afb-ab68-59366ac3ef0a_1.png	sculp-05.png
httpss.mj.run284qKgQ0Rdw_Nikola_Tesla_life-like_doll_3D_sculp_e3dcba93-4164-4306-9af2-2256686b8fd2_0.png	sculp-06.png
httpss.mj.run284qKgQ0Rdw_Nikola_Tesla_life-like_doll_3D_sculp_e3dcba93-4164-4306-9af2-2256686b8fd2_2.png	sculp-07.png
httpss.mj.run284qKgQ0Rdw_Nikola_Tesla_life-like_doll_3D_sculp_e3dcba93-4164-4306-9af2-2256686b8fd2_3.png	sculp-08.png
httpss.mj.run2DVRpg-dBjI_unique_stylized_wooden_puppet_of_a_r_25f0460e-0e98-414d-826c-288dd534ff54_1.png	r-01.png
httpss.mj.run2DVRpg-dBjI_unique_stylized_wooden_puppet_of_a_r_25f0460e-0e98-414d-826c-288dd534ff54_3.png	r-02.png
httpss.mj.run2DVRpg-dBjI_unique_stylized_wooden_puppet_of_a_r_27dd2910-7c16-4a13-a81a-649de99ecaf6_1.png	r-03.png
httpss.mj.run2DVRpg-dBjI_unique_stylized_wooden_puppet_of_a_r_68536d27-282f-4c52-9469-01c5bdff5cb1_0.png	r-04.png
httpss.mj.run2DVRpg-dBjI_unique_stylized_wooden_puppet_of_a_r_6ea782eb-3ee7-4412-a82c-d2b0910498a2_0.png	r-05.png
httpss.mj.run2DVRpg-dBjI_unique_stylized_wooden_puppet_of_a_r_b184cdc8-180a-42a0-8f14-a482ca638846_2.png	r-06.png
httpss.mj.run2equu43GJR8_black_and_white_photograph_ofa_young_98f75672-bc71-4c11-8d01-f449f7337507_2.png	young-01.png
httpss.mj.run2equu43GJR8_black_and_white_photograph_ofa_young_dc146aae-59ed-4d5b-92fb-5ead838361d4_3.png	young-02.png
httpss.mj.run2Hm5yT6O--A_Maria_Mitchell_life-like_doll_3D_scu_aaea1e1a-4e86-4bfa-b3f5-a5470528ed41_1.png	scu-04.png
httpss.mj.run2kRi1-ToHBE_Betty_Holberton_life-like_doll_3D_sc_241dc02d-3383-4cb5-8de6-5a75f1e36aee_0.png	sc-09.png
httpss.mj.run2kRi1-ToHBE_Betty_Holberton_life-like_doll_3D_sc_db5d82a7-ccab-4332-b05a-dcdb5c2dc312_2.png	sc-10.png
httpss.mj.run2kRi1-ToHBE_Betty_Holberton_life-like_doll_3D_sc_e3586327-79a8-43e1-bfe2-5a4a438037f2_3.png	sc-11.png
httpss.mj.run2Lr35RJZVwI_Yoshua_Bengio_life-like_doll_3D_scul_93b694ae-2eb6-4d1f-bae2-2a337a3a4a1d_0.png	scul-02.png
httpss.mj.run2Lr35RJZVwI_Yoshua_Bengio_life-like_doll_3D_scul_93b694ae-2eb6-4d1f-bae2-2a337a3a4a1d_1.png	scul-03.png
httpss.mj.run2s7IjTPyKvU_black-and-white_photograph_of_an_afr_2f3ec8e6-17c1-45b6-a724-06d0bff7ccbd_3.png	afr-01.png
httpss.mj.run2s7IjTPyKvU_black-and-white_photograph_of_an_afr_3e3dc293-3a7a-456c-b383-da4b3e7d3d88_1.png	afr-02.png
httpss.mj.run2XBjQQbrJMw_Erving_Goffman_life-like_doll_3D_scu_67d5578c-0595-404e-9428-712a95d94d88_0.png	scu-05.png
httpss.mj.run2XBjQQbrJMw_Erving_Goffman_life-like_doll_3D_scu_67d5578c-0595-404e-9428-712a95d94d88_2.png	scu-06.png
httpss.mj.run2XBjQQbrJMw_Erving_Goffman_life-like_doll_3D_scu_bb8722f5-2875-4914-b296-d403ce9778e9_0.png	scu-07.png
httpss.mj.run2Ys8yci17Ts_John_Maynard_Keynes_life-like_doll_3_1e8159a3-95bf-4d02-b3cc-02b3aec746f6_2.png	3-01.png
httpss.mj.run2Ys8yci17Ts_John_Maynard_Keynes_life-like_doll_3_1e8159a3-95bf-4d02-b3cc-02b3aec746f6_3.png	3-02.png
httpss.mj.run2Ys8yci17Ts_John_Maynard_Keynes_life-like_doll_3_22812910-79f5-4cc4-aa43-03b697d7afd0_1.png	3-03.png
httpss.mj.run33SufijG37Y_Max_Planck__minimalist_vector_illust_25b7db60-e62c-496a-8612-f9490f77bb3c_3.png	illust-01.png
httpss.mj.run33SufijG37Y_Max_Planck__minimalist_vector_illust_b8a5955a-48ec-4038-9326-5f5f09dcbb53_0.png	illust-02.png
httpss.mj.run38SItSiBF80_Nassim_Nicholas_Taleb_life-like_doll_12b7da32-97ec-4174-a2c7-5f31bb6854f2_2.png	doll-01.png
httpss.mj.run38SItSiBF80_Nassim_Nicholas_Taleb_life-like_doll_12b7da32-97ec-4174-a2c7-5f31bb6854f2_3.png	doll-02.png
httpss.mj.run38SItSiBF80_Nassim_Nicholas_Taleb_life-like_doll_de439fcf-1c94-491b-9701-55f7f1a4e650_1.png	doll-03.png
httpss.mj.run3rGXoOP8YfU_Joseph_Schumpeter_life-like_doll_3D__9be450f5-67ab-4821-bdd1-6eaba9d8079f_0.png	image-007.png
httpss.mj.run3rGXoOP8YfU_Joseph_Schumpeter_life-like_doll_3D__9be450f5-67ab-4821-bdd1-6eaba9d8079f_1.png	image-008.png
httpss.mj.run3rGXoOP8YfU_Joseph_Schumpeter_life-like_doll_3D__9be450f5-67ab-4821-bdd1-6eaba9d8079f_2.png	image-009.png
httpss.mj.run3rGXoOP8YfU_Joseph_Schumpeter_life-like_doll_3D__9be450f5-67ab-4821-bdd1-6eaba9d8079f_3.png	image-010.png
httpss.mj.run3rGXoOP8YfU_Joseph_Schumpeter_life-like_doll_3D__b2083d24-3aa0-43e0-b8ae-f775ff0df0a6_0.png	image-011.png
httpss.mj.run3rGXoOP8YfU_Joseph_Schumpeter_life-like_doll_3D__b2083d24-3aa0-43e0-b8ae-f775ff0df0a6_1.png	image-012.png
httpss.mj.run3rGXoOP8YfU_Joseph_Schumpeter_life-like_doll_3D__b2083d24-3aa0-43e0-b8ae-f775ff0df0a6_2.png	image-013.png
httpss.mj.run3rX55cVtcSg_Mary_Eleanor_Spear_life-like_doll_3D_4f700ef5-d73c-4f7b-aa29-9637cdf680ca_2.png	3d-01.png
httpss.mj.run3rX55cVtcSg_Mary_Eleanor_Spear_life-like_doll_3D_4f700ef5-d73c-4f7b-aa29-9637cdf680ca_3.png	3d-02.png
httpss.mj.run3rX55cVtcSg_Mary_Eleanor_Spear_life-like_doll_3D_8deca074-4ad7-4e35-beff-6cbd8bd7b90f_0.png	3d-03.png
httpss.mj.run3rX55cVtcSg_Mary_Eleanor_Spear_life-like_doll_3D_b0f8aeff-bebe-4bb3-a717-7637237cd359_0.png	3d-04.png
httpss.mj.run3rX55cVtcSg_Mary_Eleanor_Spear_life-like_doll_3D_b3b49307-0cbf-4ec9-aca8-3d3afb1bd121_3.png	3d-05.png
httpss.mj.run3rX55cVtcSg_Mary_Eleanor_Spear_life-like_doll_3D_c6bb1850-8414-4f15-8fd1-542b9ac1d1c9_1.png	3d-06.png
httpss.mj.run3rX55cVtcSg_Mary_Eleanor_Spear_life-like_doll_3D_c6bb1850-8414-4f15-8fd1-542b9ac1d1c9_3.png	3d-07.png
httpss.mj.run41qmmm1ip7E_Josiah_Willard_Gibbs_life-like_doll__26e7e2b9-f05c-4470-a279-6906e76766e0_1.png	image-014.png
httpss.mj.run41qmmm1ip7E_Josiah_Willard_Gibbs_life-like_doll__26e7e2b9-f05c-4470-a279-6906e76766e0_3.png	image-015.png
httpss.mj.run41qmmm1ip7E_Josiah_Willard_Gibbs_life-like_doll__7eec78fb-a03f-4a14-b9e8-872f90205d50_2.png	image-016.png
httpss.mj.run4b9SxR3xnro_Friedrich_Whler_life-like_doll_3D_sc_d4b02aad-9b47-4eb5-b80d-1384c84960af_2.png	sc-12.png
httpss.mj.run4b9SxR3xnro_Friedrich_Whler_life-like_doll_3D_sc_d94fbbaa-67e6-44a7-8da2-4abde4c7b8da_0.png	sc-13.png
httpss.mj.run4b9SxR3xnro_Friedrich_Whler_life-like_doll_3D_sc_d94fbbaa-67e6-44a7-8da2-4abde4c7b8da_3.png	sc-14.png
httpss.mj.run4etaFvpTRrY_comic_book_panel_of_the_character_in_9bb52605-2cf9-4373-ab54-7120d175429c_0.png	in-01.png
httpss.mj.run4Meh8Hc5aTw_Triptii_Dimri_as_a_nerd_school_teach_8b512f21-b38e-4106-8d0f-353ba9f6904a_0.png	teach-01.png
httpss.mj.run4Meh8Hc5aTw_Triptii_Dimri_as_a_nerd_school_teach_eeaeb2ef-439a-4d39-8ea2-624bfd861c58_1.png	teach-02.png
httpss.mj.run4O1j8-C1o7Q_alice_stewart_woman_life-like_doll_3_7822d9c0-32a7-47c8-bed5-fbda3db5b767_0.png	3-04.png
httpss.mj.run4o6AdW-nYsI_Ben_Shneiderman_life-like_doll_3D_sc_29743fb6-e60d-4002-b9af-5a2ddbcbe027_0.png	sc-15.png
httpss.mj.run4o6AdW-nYsI_Ben_Shneiderman_life-like_doll_3D_sc_8cc41f04-88e8-4b9f-8dc4-a6f92575380d_0.png	sc-16.png
httpss.mj.run4Pl3Bf-H4yo_Iris_Marion_Young_life-like_doll_3D__dbf62cc9-ff47-469a-b339-f294cca98012_0.png	image-017.png
httpss.mj.run4v6CHSGramo_Edith_Clarke_life-like_doll_3D_sculp_094c6190-3ab8-4f64-a054-d582fe1af2ca_0.png	sculp-09.png
httpss.mj.run4v6CHSGramo_Edith_Clarke_life-like_doll_3D_sculp_094c6190-3ab8-4f64-a054-d582fe1af2ca_2.png	sculp-10.png
httpss.mj.run4v6CHSGramo_Edith_Clarke_life-like_doll_3D_sculp_90dd562e-ed33-41ff-89b2-e71b54291051_2.png	sculp-11.png
httpss.mj.run5_2Kpwav6qE_The_river_running_by_Each_little_flo_e8270573-0d83-42c5-8d0d-49b2313d914e_0.png	flo.png
httpss.mj.run5_RdFFuTJbo_Edward_Bernays_life-like_doll_3D_scu_d4ddd52a-6636-49ed-a786-5de3f204c5d0_1.png	scu-08.png
httpss.mj.run5_RdFFuTJbo_Edward_Bernays_life-like_doll_3D_scu_d4ddd52a-6636-49ed-a786-5de3f204c5d0_3.png	scu-09.png
httpss.mj.run5_RdFFuTJbo_Edward_Bernays_life-like_doll_3D_scu_fdc18747-bbdb-4279-ae9e-f8d76d1ab75e_0.png	scu-10.png
httpss.mj.run5CiOyQltp1A_black-and-white_photograph_of_jazz_m_345a6a89-e043-4cdb-8e25-5d3c9949474e_1.png	m.png
httpss.mj.run5irIlqBi0LQ_Ren_Descartes_life-like_doll_3D_scul_9ea2549f-3555-4dea-8c99-0a16a8aad4c0_0.png	scul-04.png
httpss.mj.run5irIlqBi0LQ_Ren_Descartes_life-like_doll_3D_scul_9ea2549f-3555-4dea-8c99-0a16a8aad4c0_1.png	scul-05.png
httpss.mj.run5irIlqBi0LQ_Ren_Descartes_life-like_doll_3D_scul_b77e1b9d-643f-40eb-a1ff-740e78100e47_0.png	scul-06.png
httpss.mj.run5irIlqBi0LQ_Ren_Descartes_life-like_doll_3D_scul_b77e1b9d-643f-40eb-a1ff-740e78100e47_2.png	scul-07.png
httpss.mj.run5lgwuKKRGM0_handsome_muscular_man_with_a_short_b_1e5a7a43-4833-40cf-84f7-a61d785945f5_1.png	b-01.png
httpss.mj.run5lgwuKKRGM0_handsome_muscular_man_with_a_short_b_45ea3128-18b9-49d1-8541-82c2f0962d19_0.png	b-02.png
httpss.mj.run5NvTrvr9O1U_extreme_close_up_The_frame_shows_you_174229b2-1199-42a2-8b21-64194c027b0c_1.png	you-01.png
httpss.mj.run5NvTrvr9O1U_extreme_close_up_The_frame_shows_you_31fd8f46-1a26-4cfc-ba8d-84e8cc6981fc_0.png	you-02.png
httpss.mj.run5NvTrvr9O1U_extreme_close_up_The_frame_shows_you_3d2e3b35-543e-4c33-93e4-901fa370d41d_0.png	you-03.png
httpss.mj.run5NvTrvr9O1U_extreme_close_up_The_frame_shows_you_3d2e3b35-543e-4c33-93e4-901fa370d41d_1.png	you-04.png
httpss.mj.run5NvTrvr9O1U_extreme_close_up_The_frame_shows_you_7610928f-09b1-4529-8cf9-689237e22fa5_0.png	you-05.png
httpss.mj.run5NvTrvr9O1U_extreme_close_up_The_frame_shows_you_7610928f-09b1-4529-8cf9-689237e22fa5_3.png	you-06.png
httpss.mj.run5NvTrvr9O1U_extreme_close_up_The_frame_shows_you_b68cc407-c784-4018-8af1-640c5247d6a7_1.png	you-07.png
httpss.mj.run5NvTrvr9O1U_extreme_close_up_The_frame_shows_you_bd552d1b-bcba-435c-a308-b1bfb3891cc3_0.png	you-08.png
httpss.mj.run5NvTrvr9O1U_extreme_close_up_The_frame_shows_you_eaa841d5-4622-4fd0-bfa8-e8871f5a22b2_0.png	you-09.png
httpss.mj.run5NvTrvr9O1U_extreme_close_up_The_frame_shows_you_fcbed0fd-6986-42f8-9de8-25fccda18690_2.png	you-10.png
httpss.mj.run5Rn6djOebBU_Crocodile__full_body_flat_vector_art_5bb45c14-6736-4efb-a696-5d8dc994a818_0.png	art-01.png
httpss.mj.run5Rn6djOebBU_Crocodile__full_body_flat_vector_art_6155014f-d3d6-455e-b077-23807e7beb22_1.png	art-02.png
httpss.mj.run5TPObmZti4s_Patricia_Hill_Collins_life-like_doll_5c020229-a6ac-4af3-a505-b05edcb5bfba_1.png	doll-04.png
httpss.mj.run5TPObmZti4s_Patricia_Hill_Collins_life-like_doll_5c020229-a6ac-4af3-a505-b05edcb5bfba_2.png	doll-05.png
httpss.mj.run5uc6zt8C6aU_Milton_Friedman_life-like_doll_3D_sc_4166f2eb-6481-4f7c-ab28-2bbb78a35f72_0.png	sc-17.png
httpss.mj.run5uc6zt8C6aU_Milton_Friedman_life-like_doll_3D_sc_a1a822b9-2928-4527-b125-8e375baed6cc_1.png	sc-18.png
httpss.mj.run5uc6zt8C6aU_Milton_Friedman_life-like_doll_3D_sc_a1a822b9-2928-4527-b125-8e375baed6cc_3.png	sc-19.png
httpss.mj.run5uc6zt8C6aU_Milton_Friedman_life-like_doll_3D_sc_f8290f34-4461-4439-a1fc-176ee9ec0b0a_2.png	sc-20.png
httpss.mj.run60RkdaMECyo_Richard_Feynman_life-like_doll_3D_sc_f2a00ccf-9667-41fa-beb4-3e7217f0d6ab_2.png	sc-21.png
httpss.mj.run60RkdaMECyo_Richard_Feynman_life-like_doll_3D_sc_f2a00ccf-9667-41fa-beb4-3e7217f0d6ab_3.png	sc-22.png
httpss.mj.run6m9fmeutZ-8_Elisabeth_Kbler-Ross_life-like_doll__4a95ea6e-8273-4daf-9fac-f1c6c9a4b18a_2.png	image-018.png
httpss.mj.run6m9fmeutZ-8_Elisabeth_Kbler-Ross_life-like_doll__fe56440a-9dba-45fd-9cd1-36ab2cec0104_2.png	image-019.png
httpss.mj.run6ObuzezPFIE_Rudolf_Virchow_life-like_doll_3D_scu_e0812092-838f-46ae-b24b-962f3c6348b1_3.png	scu-11.png
httpss.mj.run6r6sIS1j2_M_Eratosthenes_of_Cyrene_life-like_dol_100797ba-a4c9-4924-ae07-76361db4fe46_1.png	dol-01.png
httpss.mj.run7_0ECDA2kko_Elinor_Ostrom_circa_2009_American_po_2e399f51-1cea-4cb2-b3dd-7e620f5ecf23_3.png	po-01.png
httpss.mj.run7_0ECDA2kko_Elinor_Ostrom_circa_2009_American_po_fcc35614-4f26-4ba2-97bd-bb285ab3e490_3.png	po-02.png
httpss.mj.run74r9o1PxJHE_Edgar_F._Codd_life-like_doll_3D_scul_35c1c323-aafe-4427-b16b-7b6831ae662d_1.png	f-codd-life-like-doll-3d-scul-01.png
httpss.mj.run74r9o1PxJHE_Edgar_F._Codd_life-like_doll_3D_scul_5b7207cf-8291-4b83-89c4-c18826c85424_1.png	f-codd-life-like-doll-3d-scul-02.png
httpss.mj.run7dUCgEjypJE_Slow_push-in_on_the_waiting_room_doo_9daee0f7-3f52-4e6b-b273-c83f942802fe_1.png	doo-01.png
httpss.mj.run7dUCgEjypJE_Slow_push-in_on_the_waiting_room_doo_fc9a07d4-13fb-48f0-89a7-2a0eb9b7c8c9_1.png	doo-02.png
httpss.mj.run7O6xIr-gR84_Paul_Samuelson_life-like_doll_3D_scu_3d068bb2-6527-4191-b907-ccdd10289b3f_2.png	scu-12.png
httpss.mj.run7O6xIr-gR84_Paul_Samuelson_life-like_doll_3D_scu_863e7380-0cbb-4bde-bff2-4cba771ccc76_2.png	scu-13.png
httpss.mj.run7O6xIr-gR84_Paul_Samuelson_life-like_doll_3D_scu_863e7380-0cbb-4bde-bff2-4cba771ccc76_3.png	scu-14.png
httpss.mj.run7yAS6duVvbU_John_Napier_life-like_doll_3D_sculpt_80cf84e5-4ffe-4473-a76c-0085a922bcb3_1.png	sculpt-04.png
httpss.mj.run7yAS6duVvbU_John_Napier_life-like_doll_3D_sculpt_80cf84e5-4ffe-4473-a76c-0085a922bcb3_3.png	sculpt-05.png
httpss.mj.run7yAS6duVvbU_John_Napier_life-like_doll_3D_sculpt_cb40abdc-2a80-48b5-8766-1c4248614ecc_0.png	sculpt-06.png
httpss.mj.run7yAS6duVvbU_John_Napier_life-like_doll_3D_sculpt_cb40abdc-2a80-48b5-8766-1c4248614ecc_1.png	sculpt-07.png
httpss.mj.run7yAS6duVvbU_John_Napier_life-like_doll_3D_sculpt_cb40abdc-2a80-48b5-8766-1c4248614ecc_3.png	sculpt-08.png
httpss.mj.run80KUxxZZXQY_Edward_Tufte_life-like_doll_3D_sculp_46da92fb-343f-4584-82f9-95a9419d4b5d_2.png	sculp-12.png
httpss.mj.run8BrUfi_mUmw_Jane_Addams_life-like_doll_3D_sculpt_ab0a8d3d-0078-4e8d-9184-de5141691592_1.png	sculpt-09.png
httpss.mj.run8BrUfi_mUmw_Jane_Addams_life-like_doll_3D_sculpt_af3efd5f-f52b-47e9-a074-b1a7f9fee6de_1.png	sculpt-10.png
httpss.mj.run8hgeoXNfLoA_33-year-old_William_Thomson_Lord_Kel_10b6eb90-d27a-4962-ac59-ef9f8f6378fb_0.png	kel.png
httpss.mj.run8l8vWRLu_SU_Speckled_Frogs_Vintage-style_matchbo_8c1103d7-9399-49ff-bf7b-a4a5745ffbd4_0.png	matchbo.png
httpss.mj.run8mm9OWT-F3g_Sal_Khan_life-like_doll_3D_sculpture_3719555b-0bef-4149-a2d6-95c2e69e4768_1.png	sculpture-01.png
httpss.mj.run8mm9OWT-F3g_Sal_Khan_life-like_doll_3D_sculpture_cbfcbc92-1023-4528-b881-12050648ed16_2.png	sculpture-02.png
httpss.mj.run8Wn4aWgXRog_Edsger_Dijkstra_life-like_doll_3D_sc_571c0dbb-b275-4e87-b125-c15593a52a5a_1.png	sc-23.png
httpss.mj.run8Wn4aWgXRog_Edsger_Dijkstra_life-like_doll_3D_sc_8150bf21-8e3b-4757-8386-db7fdb3069a9_0.png	sc-24.png
httpss.mj.run8Wn4aWgXRog_Edsger_Dijkstra_life-like_doll_3D_sc_8150bf21-8e3b-4757-8386-db7fdb3069a9_3.png	sc-25.png
httpss.mj.run95NHIShKlzE_Subrahmanyan_Chandrasekhar_life-like_c6b0c88b-4cac-46f1-90b4-0e4503a94921_1.png	life-like-01.png
httpss.mj.run9ahrAHIrOJA_bakst_painting_from_1912_depicting_a_12c190ab-0ecb-4c0a-803d-e6c3c464d314_1.png	image-020.png
httpss.mj.run9ba_TOySYBA_Joseph_Marie_Jacquard_life-like_doll_68955bed-af80-49c5-806e-59e289fa8cd2_0.png	doll-06.png
httpss.mj.run9ba_TOySYBA_Joseph_Marie_Jacquard_life-like_doll_a8189d1a-d7a9-4cdc-845a-b16762ff45d6_1.png	doll-07.png
httpss.mj.run9ba_TOySYBA_Joseph_Marie_Jacquard_life-like_doll_a8189d1a-d7a9-4cdc-845a-b16762ff45d6_3.png	doll-08.png
httpss.mj.run9BQEr8Rmw3g_Louis_Bachelier_life-like_doll_3D_sc_2bc3cefa-ac70-4f65-9769-e4ba1a119c5c_3.png	sc-26.png
httpss.mj.run9l72yIMbM2k_27-year-old_Queen_Rania_Al_Abdullah__13a1b858-2a8c-4614-bb0b-e27543bf598d_3.png	image-021.png
httpss.mj.run9l72yIMbM2k_27-year-old_Queen_Rania_Al_Abdullah__79bf7c21-54db-48dd-b778-44f9fb30fe78_0.png	image-022.png
httpss.mj.run9l72yIMbM2k_27-year-old_Queen_Rania_Al_Abdullah__d1b5ed52-b55f-4217-9aee-24bd35995647_3.png	image-023.png
httpss.mj.run9l72yIMbM2k_27-year-old_Queen_Rania_Al_Abdullah__db3dc84a-28b8-4a80-8803-33b5c7b3070b_1.png	image-024.png
httpss.mj.run9Qct6S-GEOU_Oliver_Wendell_Holmes_Jr._life-like__496d5e2f-e049-4ae1-a245-c21b097b7814_0.png	jr-life-like-01.png
httpss.mj.run9Qct6S-GEOU_Oliver_Wendell_Holmes_Jr._life-like__496d5e2f-e049-4ae1-a245-c21b097b7814_2.png	jr-life-like-02.png
httpss.mj.run9Qct6S-GEOU_Oliver_Wendell_Holmes_Jr._life-like__cfbbe447-1d43-4d34-a1d9-ef353422e0e2_0.png	jr-life-like-03.png
httpss.mj.run9Qct6S-GEOU_Oliver_Wendell_Holmes_Jr._life-like__cfbbe447-1d43-4d34-a1d9-ef353422e0e2_2.png	jr-life-like-04.png
httpss.mj.run9Qct6S-GEOU_Oliver_Wendell_Holmes_Jr._life-like__cfbbe447-1d43-4d34-a1d9-ef353422e0e2_3.png	jr-life-like-05.png
httpss.mj.run9QUc6ms6x0Y_John_Searle_life-like_doll_3D_sculpt_78780b9e-e438-44bc-9293-5585f7fe2655_0.png	sculpt-11.png
httpss.mj.run9QUc6ms6x0Y_John_Searle_life-like_doll_3D_sculpt_78780b9e-e438-44bc-9293-5585f7fe2655_2.png	sculpt-12.png
httpss.mj.run9QUc6ms6x0Y_John_Searle_life-like_doll_3D_sculpt_d5edad49-8bae-4df1-ba5f-413f06ca2973_1.png	sculpt-13.png
httpss.mj.run9W_S0Ep6jB4_Benjamin_Graham_life-like_doll_3D_sc_dba22626-c664-4017-b1c8-b1a86b554857_0.png	sc-27.png
httpss.mj.run9ZTvi98ktXI_Solomon_Asch_life-like_doll_3D_sculp_3e8547e0-d986-4b19-a62c-b4f6ea2716e5_0.png	sculp-13.png
httpss.mj.runaaLmmKhbXtQ_Heidi_Hammel_life-like_doll_3D_sculp_03341273-3103-4863-8934-ddf0c195aa1b_3.png	sculp-14.png
httpss.mj.runaaLmmKhbXtQ_Heidi_Hammel_life-like_doll_3D_sculp_2062aaba-0a8c-489b-bf5a-f6f5debf17be_1.png	sculp-15.png
httpss.mj.runAb_mEZMuDS8_Tibbers_close_up_of_a_scary_looking__16ee02f0-59fe-4780-96ee-4270838c62e0_1.png	image-025.png
httpss.mj.runAb_mEZMuDS8_Tibbers_close_up_of_a_scary_looking__3000a8dc-0717-4d54-b220-3aba72845f72_2.png	image-026.png
httpss.mj.runAb_mEZMuDS8_Tibbers_close_up_of_a_scary_looking__3000a8dc-0717-4d54-b220-3aba72845f72_3.png	image-027.png
httpss.mj.runAb_mEZMuDS8_Tibbers_close_up_of_a_scary_looking__4d322f7f-de55-4d58-b38c-b64e3339f00f_0.png	image-028.png
httpss.mj.runAb_mEZMuDS8_Tibbers_close_up_of_a_scary_looking__4d322f7f-de55-4d58-b38c-b64e3339f00f_2.png	image-029.png
httpss.mj.runAB9DVKvXUuU_Joseph_Campbell_life-like_doll_3D_sc_5e8f0c4d-2a41-47fd-819c-2a866d946761_2.png	sc-28.png
httpss.mj.runAB9DVKvXUuU_Joseph_Campbell_life-like_doll_3D_sc_62f719c9-d4b7-4f67-a532-408414914fe4_0.png	sc-29.png
httpss.mj.runAB9DVKvXUuU_Joseph_Campbell_life-like_doll_3D_sc_62f719c9-d4b7-4f67-a532-408414914fe4_1.png	sc-30.png
httpss.mj.runAc3c66LSRjY_Edwin_Sutherland_life-like_doll_3D_s_0e3d2c6c-55c4-4ad5-9936-501398380a36_0.png	s-04.png
httpss.mj.runAc3c66LSRjY_Edwin_Sutherland_life-like_doll_3D_s_38669c8f-014d-414a-9870-52d3936ab920_1.png	s-05.png
httpss.mj.runACaOHhzSwn0_Beatrice_Warde_life-like_doll_3D_scu_abffe6c6-a891-48c3-9d70-1389a25d73a9_0.png	scu-15.png
httpss.mj.runahgG6qxX_4k_Edwin_Land_life-like_doll_3D_sculptu_03dff332-5f62-4c14-8be4-8053eb83cedc_0.png	sculptu-07.png
httpss.mj.runamGRpo4jwAs_Erwin_Chargaff_life-like_doll_3D_scu_1d130935-f6a7-46b8-9cbc-21130bfa4547_0.png	scu-16.png
httpss.mj.runamGRpo4jwAs_Erwin_Chargaff_life-like_doll_3D_scu_1d130935-f6a7-46b8-9cbc-21130bfa4547_3.png	scu-17.png
httpss.mj.runamGRpo4jwAs_Erwin_Chargaff_life-like_doll_3D_scu_c8b29eec-d3eb-4332-97da-8def3c44cb7e_1.png	scu-18.png
httpss.mj.runarnbfVEY92g_the_central_elements_are_surrounded__2f1bbb9e-d432-4b8d-8b22-2d09574aa909_2.png	image-030.png
httpss.mj.runb4Pi3pMbelg_Andrey_Kolmogorov_life-like_doll_3D__8dc7623f-88ba-4d4d-b8e0-2cf2652e151e_2.png	image-031.png
httpss.mj.runb4Pi3pMbelg_Andrey_Kolmogorov_life-like_doll_3D__e6b3bb8f-3d7e-422b-945b-a00660c273bc_1.png	image-032.png
httpss.mj.runb4Pi3pMbelg_Andrey_Kolmogorov_life-like_doll_3D__f91327a7-c631-42c9-92dc-30f45d5d1eae_0.png	image-033.png
httpss.mj.runBIxf2Mk9UP4_Brian_Johnson_life-like_doll_3D_scul_370ff2a9-7430-40f7-9ae1-6595b9ba61cb_1.png	scul-08.png
httpss.mj.runBiZnfaTZVIo_milie_du_Chtelet_life-like_doll_3D_s_8c557253-0a6a-476e-a0de-7ee49059f10d_0.png	s-06.png
httpss.mj.runBiZnfaTZVIo_milie_du_Chtelet_life-like_doll_3D_s_8c557253-0a6a-476e-a0de-7ee49059f10d_1.png	s-07.png
httpss.mj.runBiZnfaTZVIo_milie_du_Chtelet_life-like_doll_3D_s_8c557253-0a6a-476e-a0de-7ee49059f10d_3.png	s-08.png
httpss.mj.runBiZnfaTZVIo_milie_du_Chtelet_life-like_doll_3D_s_e78ec180-59a1-4b75-8b81-e5876a572def_2.png	s-09.png
httpss.mj.runBTpU_vcMngY_Margaret_Boden_life-like_doll_3D_scu_023f54c9-4991-4270-a22a-852ca7df0f79_2.png	scu-19.png
httpss.mj.runbw3-xUAR2MA_Hannah_Arendt_life-like_doll_3D_scul_410d0973-7457-46a4-afaf-5f97d7f69617_0.png	scul-09.png
httpss.mj.runbw3-xUAR2MA_Hannah_Arendt_life-like_doll_3D_scul_a8b085f7-c184-4ae8-b6d2-f9050ddbebb2_3.png	scul-10.png
httpss.mj.runbZq5Nk5vZWI_Henrietta_Swan_Leavitt_life-like_dol_5cb4e87d-40c4-4717-9740-5ba1eebe71e6_0.png	dol-02.png
httpss.mj.runbZq5Nk5vZWI_Henrietta_Swan_Leavitt_life-like_dol_5cb4e87d-40c4-4717-9740-5ba1eebe71e6_2.png	dol-03.png
httpss.mj.runbZq5Nk5vZWI_Henrietta_Swan_Leavitt_life-like_dol_5cb4e87d-40c4-4717-9740-5ba1eebe71e6_3.png	dol-04.png
httpss.mj.runbZq5Nk5vZWI_Henrietta_Swan_Leavitt_life-like_dol_6480e932-1adf-463c-99aa-badab64bb10f_3.png	dol-05.png
httpss.mj.runc06ni0TRnjY_Irne_Joliot-Curie_life-like_doll_3D__28052a31-3100-43a3-994c-0b7dea6ebab8_0.png	image-034.png
httpss.mj.runc1jIKnOTP-Q_man_holding_an_american_flag_in_an_8_28b02135-26a1-48ec-b4b6-e2b80552e0bb_0.png	8.png
httpss.mj.runC52KrCJz8lU_Ibn_al-Haytham_life-like_doll_3D_scu_b6f6f337-d96f-4d46-9fbc-63f67baa17b3_0.png	scu-20.png
httpss.mj.runC52KrCJz8lU_Ibn_al-Haytham_life-like_doll_3D_scu_b6f6f337-d96f-4d46-9fbc-63f67baa17b3_2.png	scu-21.png
httpss.mj.runC52KrCJz8lU_Ibn_al-Haytham_life-like_doll_3D_scu_ccca21aa-a827-40a8-b30b-d68639683e01_0.png	scu-22.png
httpss.mj.runc73SBLXK13k_Annie_Easley_life-like_doll_3D_sculp_1f9cf7b9-d38a-4d6d-945b-9c32f76515ad_1.png	sculp-16.png
httpss.mj.runc73SBLXK13k_Annie_Easley_life-like_doll_3D_sculp_1f9cf7b9-d38a-4d6d-945b-9c32f76515ad_2.png	sculp-17.png
httpss.mj.runcAMhJqX2_Tk_Mary_McLeod_Bethune_life-like_doll_3_0573493d-b544-4c5a-baae-7dc968b9fa75_3.png	3-05.png
httpss.mj.runcAMhJqX2_Tk_Mary_McLeod_Bethune_life-like_doll_3_a59bc10c-84be-42df-ad35-70bd7cf497c5_0.png	3-06.png
httpss.mj.runcAMhJqX2_Tk_Mary_McLeod_Bethune_life-like_doll_3_a59bc10c-84be-42df-ad35-70bd7cf497c5_2.png	3-07.png
httpss.mj.runcF3Kp1aNwfQ_close-up_portrait_of_the_rapper_2pac_448c45b3-03d1-42c8-8f21-1ed2d5a56c6e_3.png	2pac.png
httpss.mj.runcIxSpKxdsAY_Tibbers_close_up_of_a_scary_looking__94f5da0e-e48a-4346-bf58-e6c9842c02ee_1.png	image-035.png
httpss.mj.runCmvMk405fnM_Frank_Drake_life-like_doll_3D_sculpt_22b9f23e-90f2-4e1a-8f3b-b69b52675b69_0.png	sculpt-14.png
httpss.mj.runCmvMk405fnM_Frank_Drake_life-like_doll_3D_sculpt_43346a68-3923-4d19-8481-63b8853732d8_0.png	sculpt-15.png
httpss.mj.runCnmRfY_Rzcg_Hannah_Fry_life-like_doll_3D_sculptu_494eb50b-545b-40b2-b103-db14c52ba1ea_0.png	sculptu-08.png
httpss.mj.runCnmRfY_Rzcg_Hannah_Fry_life-like_doll_3D_sculptu_494eb50b-545b-40b2-b103-db14c52ba1ea_3.png	sculptu-09.png
httpss.mj.runCQY5s0OARR0_Augustus_De_Morgan_life-like_doll_3D_bc96d2d3-6176-4cd0-ab7d-c0bde0cae1c4_3.png	3d-08.png
httpss.mj.runcZ02ScqbqhY_Hipparchus_life-like_doll_3D_sculptu_4541b709-20a1-4525-a0e6-6c3e83e4e8d6_3.png	sculptu-10.png
httpss.mj.runD-OeTVuMl9k_James_Wilkinson_life-like_doll_3D_sc_50910b77-0777-4b18-8bba-e5fa9bc8ab23_0.png	sc-31.png
httpss.mj.runD-OeTVuMl9k_James_Wilkinson_life-like_doll_3D_sc_50910b77-0777-4b18-8bba-e5fa9bc8ab23_2.png	sc-32.png
httpss.mj.runD1G6JLux3pU_Harold_Lasswell_life-like_doll_3D_sc_070845fb-94df-40db-9957-87f1ce59c1b1_0.png	sc-33.png
httpss.mj.runD1G6JLux3pU_Harold_Lasswell_life-like_doll_3D_sc_070845fb-94df-40db-9957-87f1ce59c1b1_1.png	sc-34.png
httpss.mj.runD1G6JLux3pU_Harold_Lasswell_life-like_doll_3D_sc_bc3f978c-ff37-4632-9d4b-f8492aae6cf4_0.png	sc-35.png
httpss.mj.runD1G6JLux3pU_Harold_Lasswell_life-like_doll_3D_sc_f944622c-157c-4d15-83ca-3a4ff8e95ea4_0.png	sc-36.png
httpss.mj.runD1G6JLux3pU_Harold_Lasswell_life-like_doll_3D_sc_f944622c-157c-4d15-83ca-3a4ff8e95ea4_2.png	sc-37.png
httpss.mj.rund4XmaVbnCDY_Anna_Schwartz_life-like_doll_3D_scul_6eaedb7c-a2e6-4d0b-8d4e-de54ce3264be_0.png	scul-11.png
httpss.mj.rund4XmaVbnCDY_Anna_Schwartz_life-like_doll_3D_scul_863d814b-34cd-4627-8301-01f7e3549c2a_3.png	scul-12.png
httpss.mj.runD9fAhna6c4w_Edmond_Locard_life-like_doll_3D_scul_4f49f82d-203c-4b7d-9d3f-1b6faec4ebda_0.png	scul-13.png
httpss.mj.runDbZw2HNjjiU_william_shakespeare_mecha_robot_sitt_fc9e5e76-6506-4324-88e7-99e06f89bd84_0.png	sitt.png
httpss.mj.runddEVs_UiGxc_Carl_Jung_life-like_doll_3D_sculptur_63840529-e726-4eaa-b3db-7a229b1916c3_0.png	sculptur-01.png
httpss.mj.rundDLX3b4LGHA_Tibbers_close_up_of_a_scary_looking__2187ffcb-3c4e-430f-889c-e424ab4231f3_0.png	image-036.png
httpss.mj.rundDLX3b4LGHA_Tibbers_close_up_of_a_scary_looking__27808d7d-0dc0-4e28-8f21-d594a79e7df6_1.png	image-037.png
httpss.mj.rundDLX3b4LGHA_Tibbers_close_up_of_a_scary_looking__760e601d-8f40-4398-8711-beae2ddaafca_0.png	image-038.png
httpss.mj.rundDLX3b4LGHA_Tibbers_close_up_of_a_scary_looking__83975dd4-496c-40f4-8347-b843be045352_2.png	image-039.png
httpss.mj.rundDLX3b4LGHA_Tibbers_close_up_of_a_scary_looking__d750cd06-7f60-4130-8b26-642840f777a0_1.png	image-040.png
httpss.mj.rundDLX3b4LGHA_Tibbers_close_up_of_a_scary_looking__f593485b-61e2-420d-abe4-666367d38b99_3.png	image-041.png
httpss.mj.runDE_oJz0uzJA_Alice_Stewart_life-like_doll_3D_scul_3f5e451e-34cc-47d9-a043-05fd20e661b4_2.png	scul-14.png
httpss.mj.runDE_oJz0uzJA_Alice_Stewart_life-like_doll_3D_scul_a32bf634-d944-4559-9fc1-5cc8db86c18a_2.png	scul-15.png
httpss.mj.rundG-KxEvuKWM_Harvey_Cushing_life-like_doll_3D_scu_944a8640-e908-4042-9dff-ffc19e3d7a18_1.png	scu-23.png
httpss.mj.rundG-KxEvuKWM_Harvey_Cushing_life-like_doll_3D_scu_944a8640-e908-4042-9dff-ffc19e3d7a18_3.png	scu-24.png
httpss.mj.rundG-KxEvuKWM_Harvey_Cushing_life-like_doll_3D_scu_dcb9c7a2-a484-48e6-8a1a-bc72463efe3a_1.png	scu-25.png
httpss.mj.rundG-KxEvuKWM_Harvey_Cushing_life-like_doll_3D_scu_dcb9c7a2-a484-48e6-8a1a-bc72463efe3a_2.png	scu-26.png
httpss.mj.rundgHvHEed3Mw_Mozi_life-like_doll_3D_sculpture_cla_def24b46-ddcf-4a3e-bbd1-27048738ad7b_1.png	cla-01.png
httpss.mj.rundgHvHEed3Mw_Mozi_life-like_doll_3D_sculpture_cla_def24b46-ddcf-4a3e-bbd1-27048738ad7b_2.png	cla-02.png
httpss.mj.rundi2cqwmzSn8_George_E._P._Box_life-like_doll_3D_s_c1db52cd-19bc-4b05-ab55-59d058d2a2ef_0.png	e-p-box-life-like-doll-3d-s.png
httpss.mj.rundiX7SQEiOfY_Edward_Said_life-like_doll_3D_sculpt_94764702-8493-4795-a7f1-74438807875a_2.png	sculpt-16.png
httpss.mj.rundiX7SQEiOfY_Edward_Said_life-like_doll_3D_sculpt_e151017e-98fc-43ae-98ff-14a811acfad2_0.png	sculpt-17.png
httpss.mj.rundiX7SQEiOfY_Edward_Said_life-like_doll_3D_sculpt_e151017e-98fc-43ae-98ff-14a811acfad2_3.png	sculpt-18.png
httpss.mj.runDkVPTj3aoz0_G._Evelyn_Hutchinson_life-like_doll__868ad1d1-f028-48e7-97bb-6fbd76ec5bef_0.png	g-evelyn-hutchinson-life-like-doll-01.png
httpss.mj.runDkVPTj3aoz0_G._Evelyn_Hutchinson_life-like_doll__f470af58-9dcc-45b1-acc2-bf05205aef2e_2.png	g-evelyn-hutchinson-life-like-doll-02.png
httpss.mj.rundnfZLIG5Ew8_Peter_D._Mitchell_life-like_doll_3D__efb9dbc9-3064-4ce6-9ab9-988d0a6e55d9_0.png	d-mitchell-life-like-doll-3d-01.png
httpss.mj.rundnfZLIG5Ew8_Peter_D._Mitchell_life-like_doll_3D__efb9dbc9-3064-4ce6-9ab9-988d0a6e55d9_1.png	d-mitchell-life-like-doll-3d-02.png
httpss.mj.rundQP_Bjc6B1Y_Merton_Miller_life-like_doll_3D_scul_f6bec233-60d5-4b42-bba2-623e589bb3e9_2.png	scul-16.png
httpss.mj.rundQP_Bjc6B1Y_Merton_Miller_life-like_doll_3D_scul_f6bec233-60d5-4b42-bba2-623e589bb3e9_3.png	scul-17.png
httpss.mj.runDr8sBHpMqwU_Avicenna_life-like_doll_3D_sculpture_8ebd1491-6069-4bcd-8e21-865fb6ce3c34_0.png	sculpture-03.png
httpss.mj.runDr8sBHpMqwU_Avicenna_life-like_doll_3D_sculpture_977f6556-f188-49a8-8a65-8ee92270820e_0.png	sculpture-04.png
httpss.mj.runDr8sBHpMqwU_Avicenna_life-like_doll_3D_sculpture_977f6556-f188-49a8-8a65-8ee92270820e_3.png	sculpture-05.png
httpss.mj.runDr8sBHpMqwU_Avicenna_life-like_doll_3D_sculpture_c228fcb1-886c-46b7-bb79-6f679cbf1e88_0.png	sculpture-06.png
httpss.mj.runDr8sBHpMqwU_Avicenna_life-like_doll_3D_sculpture_c228fcb1-886c-46b7-bb79-6f679cbf1e88_2.png	sculpture-07.png
httpss.mj.runDr8sBHpMqwU_Avicenna_life-like_doll_3D_sculpture_c228fcb1-886c-46b7-bb79-6f679cbf1e88_3.png	sculpture-08.png
httpss.mj.runDSq8GynkMXA_Barbara_McClintock_life-like_doll_3D_b3b7a1bc-93f6-4d61-a85b-41da366535e8_0.png	3d-09.png
httpss.mj.runDSq8GynkMXA_Barbara_McClintock_life-like_doll_3D_c4dc0215-cfeb-43f6-82d6-ac86988cd17f_0.png	3d-10.png
httpss.mj.rundSQyXsJ_ct4_Otto_Heinrich_Warburg_life-like_doll_58fb4842-1d91-4ecf-bf92-72715017eb09_1.png	doll-09.png
httpss.mj.rundSQyXsJ_ct4_Otto_Heinrich_Warburg_life-like_doll_fc8bd2d0-2112-4a6d-8fa2-e51f3689c938_1.png	doll-10.png
httpss.mj.rundtLrCURTjWU_minimal_and_dynamic_illustration_wit_73760ab1-8696-40be-9edd-7167e11448a8_1.png	wit.png
httpss.mj.runDva1xRIu8jI_Ben_Shneiderman_life-like_doll_3D_sc_f397b01c-a482-4d69-843f-c6b1ba505787_0.png	sc-38.png
httpss.mj.rundYif6qocd-c_vintage_black-and-white_photo_of_pri_7050d348-3bd4-4857-b988-f7141223d539_1.png	pri.png
httpss.mj.runE8b8rULmg3I_httpss.mj.runDMqAhy6-oD4_very_tall_3_98595c40-aafc-4c91-acbc-29888884f7ab_2.png	httpss-mj-rundmqahy6-od4-very-tall-3-01.png
httpss.mj.runE8b8rULmg3I_httpss.mj.runDMqAhy6-oD4_very_tall_3_adcf78e6-105a-4be6-9dd4-0a22d8ebaf7d_0.png	httpss-mj-rundmqahy6-od4-very-tall-3-02.png
httpss.mj.rune8RIdEkAKL8_Antonie_van_Leeuwenhoek_life-like_do_01e11bb1-a391-4df4-9b77-de9ea5fd7b4a_2.png	do-01.png
httpss.mj.rune8RIdEkAKL8_Antonie_van_Leeuwenhoek_life-like_do_4e7e7431-591b-4911-a95e-14be8ae290c6_0.png	do-02.png
httpss.mj.rune8RIdEkAKL8_Antonie_van_Leeuwenhoek_life-like_do_4e7e7431-591b-4911-a95e-14be8ae290c6_3.png	do-03.png
httpss.mj.rune8RIdEkAKL8_Antonie_van_Leeuwenhoek_life-like_do_acc5ca5e-2e3a-4c63-95a1-a4e29056fec9_1.png	do-04.png
httpss.mj.rune9S6qVEE9MI_illustrated_character_in_a_dynamic_p_1989b9c9-61a9-4973-b6c5-183ba264a3ce_1.png	p-01.png
httpss.mj.rune9S6qVEE9MI_illustrated_character_in_a_dynamic_p_58f1c65b-d98b-4832-b049-e60b45fe8ef9_2.png	p-02.png
httpss.mj.rune9S6qVEE9MI_illustrated_character_in_a_dynamic_p_b2a92568-e409-47a5-9699-5b7006898af9_0.png	p-03.png
httpss.mj.rune9S6qVEE9MI_illustrated_character_in_a_dynamic_p_b52bce7e-c840-422d-a0b5-1123d7cdd625_2.png	p-04.png
httpss.mj.runEDJJ5LnT0KI_Vannevar_Bush_life-like_doll_3D_scul_020d1b48-40a4-4df1-86d1-edd5676ee400_2.png	scul-18.png
httpss.mj.runEDJJ5LnT0KI_Vannevar_Bush_life-like_doll_3D_scul_52049594-806a-4723-9938-a01703d2302d_0.png	scul-19.png
httpss.mj.runEDJJ5LnT0KI_Vannevar_Bush_life-like_doll_3D_scul_52049594-806a-4723-9938-a01703d2302d_3.png	scul-20.png
httpss.mj.runEG2CdgaJK8o_John_Venn_life-like_doll_3D_sculptur_0ec7e305-4912-4553-8439-ebfcc7cbd932_1.png	sculptur-02.png
httpss.mj.runEG2CdgaJK8o_John_Venn_life-like_doll_3D_sculptur_0ec7e305-4912-4553-8439-ebfcc7cbd932_3.png	sculptur-03.png
httpss.mj.runEG2CdgaJK8o_John_Venn_life-like_doll_3D_sculptur_2f9d96fd-46dd-45be-b72b-3a7c6ed556a8_0.png	sculptur-04.png
httpss.mj.runEG2CdgaJK8o_John_Venn_life-like_doll_3D_sculptur_517d0e96-41da-49f4-b897-d1652ead4010_0.png	sculptur-05.png
httpss.mj.runEG2CdgaJK8o_John_Venn_life-like_doll_3D_sculptur_5598446c-f37c-4584-8081-8afa280f0cbd_0.png	sculptur-06.png
httpss.mj.runEG2CdgaJK8o_John_Venn_life-like_doll_3D_sculptur_aaa81b71-9709-42fb-a9f6-3a916546b5da_0.png	sculptur-07.png
httpss.mj.runEG2CdgaJK8o_John_Venn_life-like_doll_3D_sculptur_aaa81b71-9709-42fb-a9f6-3a916546b5da_1.png	sculptur-08.png
httpss.mj.runEG2CdgaJK8o_John_Venn_life-like_doll_3D_sculptur_aaa81b71-9709-42fb-a9f6-3a916546b5da_3.png	sculptur-09.png
httpss.mj.runEh_fAGNZNXE_Hermann_Staudinger_life-like_doll_3D_59dfed61-bd1d-4b98-8335-b50e25c4e8a2_0.png	3d-11.png
httpss.mj.runEh_fAGNZNXE_Hermann_Staudinger_life-like_doll_3D_59dfed61-bd1d-4b98-8335-b50e25c4e8a2_1.png	3d-12.png
httpss.mj.runEHOVWPlia08_Anne_McLaren_life-like_doll_3D_sculp_572744f4-1541-4335-ad2b-971fc9f8b1a5_2.png	sculp-18.png
httpss.mj.runEHOVWPlia08_Anne_McLaren_life-like_doll_3D_sculp_572744f4-1541-4335-ad2b-971fc9f8b1a5_3.png	sculp-19.png
httpss.mj.runEHOVWPlia08_Anne_McLaren_life-like_doll_3D_sculp_b0af1a56-8d8e-4608-99ab-9f10ea621319_3.png	sculp-20.png
httpss.mj.runEHzYKR6ci8I_Iris_Murdoch_life-like_doll_3D_sculp_bc1ca068-0847-4fc1-be00-fcd23a132e95_2.png	sculp-21.png
httpss.mj.runEkV0PGjxi6c_Full_body_view_T.S._Elliot_A_platter_360de701-20f3-4976-8773-cb2078883f81_0.png	t-s-elliot-a-platter.png
httpss.mj.runEkV0PGjxi6c_Full_body_view_T.S._Elliot_Arms_appe_346ee88d-0b1e-451c-9b61-e853b2cc12de_0.png	t-s-elliot-arms-appe-01.png
httpss.mj.runEkV0PGjxi6c_Full_body_view_T.S._Elliot_Arms_appe_346ee88d-0b1e-451c-9b61-e853b2cc12de_2.png	t-s-elliot-arms-appe-02.png
httpss.mj.runEkV0PGjxi6c_Full_body_view_T.S._Elliot_Arms_appe_346ee88d-0b1e-451c-9b61-e853b2cc12de_3.png	t-s-elliot-arms-appe-03.png
httpss.mj.runEkV0PGjxi6c_Full_body_view_T.S._Elliot_At_the_be_012013a5-fb30-400d-9873-3c3d0eda36b1_0.png	t-s-elliot-at-the-be-01.png
httpss.mj.runEkV0PGjxi6c_Full_body_view_T.S._Elliot_At_the_be_012013a5-fb30-400d-9873-3c3d0eda36b1_1.png	t-s-elliot-at-the-be-02.png
httpss.mj.runEkV0PGjxi6c_Full_body_view_T.S._Elliot_At_the_be_012013a5-fb30-400d-9873-3c3d0eda36b1_3.png	t-s-elliot-at-the-be-03.png
httpss.mj.runEkV0PGjxi6c_Full_body_view_T.S._Elliot_At_the_be_31842922-0eda-4ca7-9683-4812dae2ac7f_0.png	t-s-elliot-at-the-be-04.png
httpss.mj.runEkV0PGjxi6c_Full_body_view_T.S._Elliot_At_the_be_31842922-0eda-4ca7-9683-4812dae2ac7f_2.png	t-s-elliot-at-the-be-05.png
httpss.mj.runEkV0PGjxi6c_Full_body_view_T.S._Elliot_At_the_be_31842922-0eda-4ca7-9683-4812dae2ac7f_3.png	t-s-elliot-at-the-be-06.png
httpss.mj.runEkV0PGjxi6c_Full_body_view_T.S._Elliot_At_the_be_c47aa994-afa7-4801-bb02-f41d34fc3949_3.png	t-s-elliot-at-the-be-07.png
httpss.mj.runEkV0PGjxi6c_Full_body_view_T.S._Elliot_At_the_la_2fda6541-d34b-4df3-a3a9-39ec207fbba2_1.png	t-s-elliot-at-the-la-01.png
httpss.mj.runEkV0PGjxi6c_Full_body_view_T.S._Elliot_At_the_la_469949ef-f153-4b64-896e-a16549f5b982_0.png	t-s-elliot-at-the-la-02.png
httpss.mj.runEkV0PGjxi6c_Full_body_view_T.S._Elliot_Confessio_04b8742d-85a0-472e-9935-22245b40f234_2.png	t-s-elliot-confessio-01.png
httpss.mj.runEkV0PGjxi6c_Full_body_view_T.S._Elliot_Confessio_04b8742d-85a0-472e-9935-22245b40f234_3.png	t-s-elliot-confessio-02.png
httpss.mj.runEkV0PGjxi6c_Full_body_view_T.S._Elliot_Confessio_51af47d5-7eb5-4cba-bcd2-720ca465b16f_0.png	t-s-elliot-confessio-03.png
httpss.mj.runEkV0PGjxi6c_Full_body_view_T.S._Elliot_Confessio_51af47d5-7eb5-4cba-bcd2-720ca465b16f_1.png	t-s-elliot-confessio-04.png
httpss.mj.runEkV0PGjxi6c_Full_body_view_T.S._Elliot_Confessio_a3209ae3-b3fb-4a13-8f5b-c4ed6ef3085c_0.png	t-s-elliot-confessio-05.png
httpss.mj.runEkV0PGjxi6c_Full_body_view_T.S._Elliot_Confessio_a3209ae3-b3fb-4a13-8f5b-c4ed6ef3085c_2.png	t-s-elliot-confessio-06.png
httpss.mj.runEkV0PGjxi6c_Full_body_view_T.S._Elliot_Confessio_a3209ae3-b3fb-4a13-8f5b-c4ed6ef3085c_3.png	t-s-elliot-confessio-07.png
httpss.mj.runEkV0PGjxi6c_Full_body_view_T.S._Elliot_Dusk_agai_13f7dc73-ada6-448a-8991-cd92d84a3d49_0.png	t-s-elliot-dusk-agai-01.png
httpss.mj.runEkV0PGjxi6c_Full_body_view_T.S._Elliot_Dusk_agai_13f7dc73-ada6-448a-8991-cd92d84a3d49_1.png	t-s-elliot-dusk-agai-02.png
httpss.mj.runEkV0PGjxi6c_Full_body_view_T.S._Elliot_Dusk_agai_13f7dc73-ada6-448a-8991-cd92d84a3d49_2.png	t-s-elliot-dusk-agai-03.png
httpss.mj.runEkV0PGjxi6c_Full_body_view_T.S._Elliot_Dusk_agai_74e2e0ca-60f9-4ed5-8694-87d99afe384f_2.png	t-s-elliot-dusk-agai-04.png
httpss.mj.runEkV0PGjxi6c_Full_body_view_T.S._Elliot_Evenings__0bcf82e0-e6b3-4a43-af2d-7a988ccaf8a3_0.png	t-s-elliot-evenings-01.png
httpss.mj.runEkV0PGjxi6c_Full_body_view_T.S._Elliot_Evenings__0bcf82e0-e6b3-4a43-af2d-7a988ccaf8a3_1.png	t-s-elliot-evenings-02.png
httpss.mj.runEkV0PGjxi6c_Full_body_view_T.S._Elliot_Evenings__d12c189f-71da-491d-8ab4-6a92e1675cce_1.png	t-s-elliot-evenings-03.png
httpss.mj.runEkV0PGjxi6c_Full_body_view_T.S._Elliot_Evenings__d12c189f-71da-491d-8ab4-6a92e1675cce_2.png	t-s-elliot-evenings-04.png
httpss.mj.runEkV0PGjxi6c_Full_body_view_T.S._Elliot_Out_on_th_37e32add-9d80-4348-9d2b-11014ae05c78_1.png	t-s-elliot-out-on-th.png
httpss.mj.runEkV0PGjxi6c_Full_body_view_T.S._Elliot_Outside_y_fefd7f92-24dd-45de-84a4-40d379f67d17_1.png	t-s-elliot-outside-y-01.png
httpss.mj.runEkV0PGjxi6c_Full_body_view_T.S._Elliot_Outside_y_fefd7f92-24dd-45de-84a4-40d379f67d17_2.png	t-s-elliot-outside-y-02.png
httpss.mj.runEkV0PGjxi6c_Full_body_view_T.S._Elliot_Sunsets_s_281e0c14-c6c8-40d4-be8b-a59fbaab32d6_0.png	t-s-elliot-sunsets-s-01.png
httpss.mj.runEkV0PGjxi6c_Full_body_view_T.S._Elliot_Sunsets_s_281e0c14-c6c8-40d4-be8b-a59fbaab32d6_2.png	t-s-elliot-sunsets-s-02.png
httpss.mj.runEkV0PGjxi6c_Full_body_view_T.S._Elliot_Sunsets_s_281e0c14-c6c8-40d4-be8b-a59fbaab32d6_3.png	t-s-elliot-sunsets-s-03.png
httpss.mj.runEkV0PGjxi6c_Full_body_view_T.S._Elliot_Sunsets_s_c0f589d3-0f7f-4a6d-b601-5bce32ec24d8_3.png	t-s-elliot-sunsets-s-04.png
httpss.mj.runEkV0PGjxi6c_Full_body_view_T.S._Elliot_Time_mult_8523ff20-6f59-4f83-a26c-46c66cefbc33_2.png	t-s-elliot-time-mult.png
httpss.mj.runEkV0PGjxi6c_Full_body_view_T.S._Elliot_We_pass_t_e083f79f-b4d5-4ed2-8fcb-ab1c80fa03e0_1.png	t-s-elliot-we-pass-t-01.png
httpss.mj.runEkV0PGjxi6c_Full_body_view_T.S._Elliot_We_pass_t_e083f79f-b4d5-4ed2-8fcb-ab1c80fa03e0_2.png	t-s-elliot-we-pass-t-02.png
httpss.mj.runEkV0PGjxi6c_Full_body_view_T.S._Elliot_Without_b_d7f6e3c4-db8f-4f4a-8ede-bc5c4fb1dfe1_0.png	t-s-elliot-without-b.png
httpss.mj.runElwa_AM9CSk_dressed_like_buddy_from_the_movie_el_a91c4abe-4b19-4dca-9323-2c162c662429_2.png	el.png
httpss.mj.runEmuQyYW2Qow_Esther_Lederberg_life-like_doll_3D_s_304c5b7a-f051-496c-bab5-1b31cf16d582_2.png	s-10.png
httpss.mj.runEmuQyYW2Qow_Esther_Lederberg_life-like_doll_3D_s_914d5e24-7ee1-4dfc-81c6-7ab9a81990dc_0.png	s-11.png
httpss.mj.runEmuQyYW2Qow_Esther_Lederberg_life-like_doll_3D_s_914d5e24-7ee1-4dfc-81c6-7ab9a81990dc_2.png	s-12.png
httpss.mj.runer_Q6X50MxM_Vint_Cerf_life-like_doll_3D_sculptur_2370de62-9eb9-470f-96ae-074236fcb88f_1.png	sculptur-10.png
httpss.mj.runer_Q6X50MxM_Vint_Cerf_life-like_doll_3D_sculptur_42682544-3166-44c1-be8a-52aa9091f65e_2.png	sculptur-11.png
httpss.mj.runer_Q6X50MxM_Vint_Cerf_life-like_doll_3D_sculptur_88b914f8-df59-426e-89b7-cd095acdc75e_1.png	sculptur-12.png
httpss.mj.runeu30lHBFVKw_Barbara_Jordan_life-like_doll_3D_scu_ddf43618-ec34-4735-80ef-0fe6ab19b9fb_0.png	scu-27.png
httpss.mj.runeu30lHBFVKw_Barbara_Jordan_life-like_doll_3D_scu_f0bc23c5-6d8f-4c2d-b7d7-0b8094c445b5_0.png	scu-28.png
httpss.mj.runeW5Tti3_KJM_black-and-white_photograph_of_an_afr_1ade1693-7921-41fd-81a7-6cd69fb35a63_2.png	afr-03.png
httpss.mj.runEWldUEjkkwg_Mr_Blue_simple_line_drawing_of_an_at_ac4bddef-a426-4e35-bf0b-0e99f89a88cd_1.png	at.png
httpss.mj.runf1acCqXe8pk_Marshall_McLuhan_life-like_doll_3D_s_2861a316-3e50-415a-9d4d-7783d466ad21_0.png	s-13.png
httpss.mj.runf1acCqXe8pk_Marshall_McLuhan_life-like_doll_3D_s_64b5ed4a-4762-426a-94f0-82fa9514599f_1.png	s-14.png
httpss.mj.runf1acCqXe8pk_Marshall_McLuhan_life-like_doll_3D_s_64b5ed4a-4762-426a-94f0-82fa9514599f_2.png	s-15.png
httpss.mj.runf1acCqXe8pk_Marshall_McLuhan_life-like_doll_3D_s_64b5ed4a-4762-426a-94f0-82fa9514599f_3.png	s-16.png
httpss.mj.runf1acCqXe8pk_Marshall_McLuhan_life-like_doll_3D_s_c4277256-bf3a-458e-9841-b023fec25b68_0.png	s-17.png
httpss.mj.runf1acCqXe8pk_Marshall_McLuhan_life-like_doll_3D_s_e08d399a-da7b-4ccc-b3f6-4a42efc14010_0.png	s-18.png
httpss.mj.runf8b1nSiRva4_Frances_Fox_Piven_life-like_doll_3D__4b094245-644b-46c8-af04-c8228329985a_3.png	image-042.png
httpss.mj.runf9bQOv0FJkw_black-and-white_photograph_of_a_smoo_a0d01c56-beb8-45ee-9fda-4b4ea1127fb3_0.png	smoo-01.png
httpss.mj.runf9bQOv0FJkw_black-and-white_photograph_of_a_smoo_a0d01c56-beb8-45ee-9fda-4b4ea1127fb3_2.png	smoo-02.png
httpss.mj.runfJ15dcMYu50_Maria_Sibylla_Merian_life-like_doll__1223efbf-37c4-4a1e-b90d-fe061797bb1d_1.png	image-043.png
httpss.mj.runfltROf733YI_Richard_Feynman__minimalist_vector_i_3661d85e-8dcc-48ab-9a71-7d7805177b7b_1.png	i-01.png
httpss.mj.runfltROf733YI_Richard_Feynman__minimalist_vector_i_3bf8f237-72c7-4834-932d-a8db81fa4922_1.png	i-02.png
httpss.mj.runfltROf733YI_Richard_Feynman__the_central_element_39f2d837-6f23-40ce-9df2-362beb55f2f1_2.png	element.png
httpss.mj.runfNtuuNvq5OA_John_Dewey_life-like_doll_3D_sculptu_19c95b4b-d33f-4c32-a953-b4c263d10787_0.png	sculptu-11.png
httpss.mj.runfNtuuNvq5OA_John_Dewey_life-like_doll_3D_sculptu_19c95b4b-d33f-4c32-a953-b4c263d10787_2.png	sculptu-12.png
httpss.mj.runfNtuuNvq5OA_John_Dewey_life-like_doll_3D_sculptu_19c95b4b-d33f-4c32-a953-b4c263d10787_3.png	sculptu-13.png
httpss.mj.runfNtuuNvq5OA_John_Dewey_life-like_doll_3D_sculptu_fd025f86-575c-4e2b-81eb-d3b50eb0e7f8_3.png	sculptu-14.png
httpss.mj.runFPwH8bpGY_w_Joan_Robinson_life-like_doll_3D_scul_4d0b850c-4b49-4d76-885e-bb264d252d61_0.png	scul-21.png
httpss.mj.runFPwH8bpGY_w_Joan_Robinson_life-like_doll_3D_scul_f3d8fe8d-8366-4010-bd90-133ec60692c7_1.png	scul-22.png
httpss.mj.runfQ7JnSyY9ns_Gilbert_N._Lewis_life-like_doll_3D_s_ece9e8cb-28b0-4612-9039-78d732b2c3f3_3.png	n-lewis-life-like-doll-3d-s.png
httpss.mj.runFrtuV82kHsk_T.S._Elliot_a_black_and_white_photog_40b07a1d-cd78-49ba-b1f0-9ce60a61de86_0.png	t-s-elliot-a-black-and-white-photog-01.png
httpss.mj.runFrtuV82kHsk_T.S._Elliot_a_black_and_white_photog_40b07a1d-cd78-49ba-b1f0-9ce60a61de86_1.png	t-s-elliot-a-black-and-white-photog-02.png
httpss.mj.runFrtuV82kHsk_T.S._Elliot_a_black_and_white_photog_40b07a1d-cd78-49ba-b1f0-9ce60a61de86_2.png	t-s-elliot-a-black-and-white-photog-03.png
httpss.mj.runFrtuV82kHsk_T.S._Elliot_a_black_and_white_photog_40b07a1d-cd78-49ba-b1f0-9ce60a61de86_3.png	t-s-elliot-a-black-and-white-photog-04.png
httpss.mj.runFrtuV82kHsk_T.S._Elliot_a_black_and_white_photog_82e586f7-072e-4b82-9b1a-8686d66429d3_0.png	t-s-elliot-a-black-and-white-photog-05.png
httpss.mj.runFrtuV82kHsk_T.S._Elliot_a_black_and_white_photog_82e586f7-072e-4b82-9b1a-8686d66429d3_1.png	t-s-elliot-a-black-and-white-photog-06.png
httpss.mj.runFrtuV82kHsk_T.S._Elliot_a_black_and_white_photog_82e586f7-072e-4b82-9b1a-8686d66429d3_2.png	t-s-elliot-a-black-and-white-photog-07.png
httpss.mj.runFrtuV82kHsk_T.S._Elliot_a_black_and_white_photog_82e586f7-072e-4b82-9b1a-8686d66429d3_3.png	t-s-elliot-a-black-and-white-photog-08.png
httpss.mj.runFsUGE4belo8_Cletus_Spuckler_the_style_of_the_sim_9b8f31c6-dda3-4f3c-bbd9-28fce0cf1336_2.png	sim.png
httpss.mj.rung-fH3VD23_Q_black-and-white_close-up_portrait_of_cacfafcd-05f8-4244-b386-89aacbedff85_1.png	of-01.png
httpss.mj.runG0B68-uAH38_full-body_character_design_of_an_old_f491a0ea-4293-458b-90c9-1f9ce7314a5d_0.png	old-01.png
httpss.mj.runG0XVB8MpULs_Hermann_Kolbe_life-like_doll_3D_scul_996fa886-2b14-4e72-add4-431fbb7f52f7_0.png	scul-23.png
httpss.mj.runG0XVB8MpULs_Hermann_Kolbe_life-like_doll_3D_scul_996fa886-2b14-4e72-add4-431fbb7f52f7_1.png	scul-24.png
httpss.mj.runG0XVB8MpULs_Hermann_Kolbe_life-like_doll_3D_scul_996fa886-2b14-4e72-add4-431fbb7f52f7_3.png	scul-25.png
httpss.mj.runG0XVB8MpULs_Hermann_Kolbe_life-like_doll_3D_scul_f74fc7ac-b666-4ff6-87c6-373a83766345_0.png	scul-26.png
httpss.mj.runG2qi6cc9Lm4_man_with_blue_eyes_and_a_big_smile.__334202bd-ff3e-4f29-9a99-e960f3b0eedb_1.png	smile-01.png
httpss.mj.runG2qi6cc9Lm4_man_with_blue_eyes_and_a_big_smile.__4a4a2111-1fbf-4c72-8b1c-b2e86041d432_3.png	smile-02.png
httpss.mj.rung9rl_0yRGTI_Fei-Fei_Li_life-like_doll_3D_sculptu_ad1dede6-d9b9-475e-943c-3680117697e0_2.png	sculptu-15.png
httpss.mj.runGDazA4_hXxA_young_black_american_man_holding_an__ef6b0963-edf6-48df-ba9a-740b520a1979_3.png	image-044.png
httpss.mj.rungE2IuxSVsT0_Frances_Perkins_life-like_doll_3D_sc_8efde0da-55e6-4b30-8e4f-e7759f22b22c_2.png	sc-39.png
httpss.mj.runGgC4hT--Ljo_Margaret_Hamilton_life-like_doll_3D__eb7523ef-1e2c-4d3f-8d8a-1090c9d594ac_0.png	image-045.png
httpss.mj.runGgC4hT--Ljo_Margaret_Hamilton_life-like_doll_3D__eb7523ef-1e2c-4d3f-8d8a-1090c9d594ac_3.png	image-046.png
httpss.mj.rungGftixYn9BI_Mary_Wollstonecraft_life-like_doll_3_e166844b-aeb6-47b4-9b0d-d4f3cad1fb13_1.png	3-08.png
httpss.mj.rungGftixYn9BI_Mary_Wollstonecraft_life-like_doll_3_e166844b-aeb6-47b4-9b0d-d4f3cad1fb13_2.png	3-09.png
httpss.mj.rungGftixYn9BI_Mary_Wollstonecraft_life-like_doll_3_f96616de-90f2-4240-8026-c95d1869854f_1.png	3-10.png
httpss.mj.runGGLalTe5d6U_black_and_white_photo_of_contemporar_a9db3733-ae09-4f87-9891-39a28fb1898b_0.png	contemporar-01.png
httpss.mj.runGGLalTe5d6U_black_and_white_photo_of_contemporar_a9db3733-ae09-4f87-9891-39a28fb1898b_3.png	contemporar-02.png
httpss.mj.runGGLalTe5d6U_black_and_white_photo_of_contemporar_d551a384-4f00-41ac-83c2-a1242ed5f685_1.png	contemporar-03.png
httpss.mj.runghs0AGdL-u4_Arthur_Lyon_Bowley_life-like_doll_3D_04d184f5-cdb9-41af-99fe-53129f329646_0.png	3d-13.png
httpss.mj.runghs0AGdL-u4_Arthur_Lyon_Bowley_life-like_doll_3D_04d184f5-cdb9-41af-99fe-53129f329646_3.png	3d-14.png
httpss.mj.runghs0AGdL-u4_Arthur_Lyon_Bowley_life-like_doll_3D_da46ab8a-1652-4789-b0e6-1fa4db074a58_3.png	3d-15.png
httpss.mj.runGjUAY_IlBBU_Edwin_Hutchins_life-like_doll_3D_scu_dc4065d7-f6e6-467e-af14-f2e452fcecf9_1.png	scu-29.png
httpss.mj.runGjUAY_IlBBU_Edwin_Hutchins_life-like_doll_3D_scu_f5c8c3af-2cca-49f5-b1b2-aecdbbfc0b0c_2.png	scu-30.png
httpss.mj.runGLw2GOYjBHs_grinch_from_the_movie_the_grinchy_st_24647b16-a33c-4249-af87-f38ffe830696_1.png	st-01.png
httpss.mj.runGLw2GOYjBHs_grinch_from_the_movie_the_grinchy_st_24647b16-a33c-4249-af87-f38ffe830696_3.png	st-02.png
httpss.mj.runGLw2GOYjBHs_grinch_from_the_movie_the_grinchy_st_c1436a47-8da9-45d2-b729-3b830fdd108f_0.png	st-03.png
httpss.mj.runGLw2GOYjBHs_grinch_from_the_movie_the_grinchy_st_de9ec155-69cb-41cd-aff9-3fc86fb136eb_0.png	st-04.png
httpss.mj.runGNXwMoWH-TI_Frances_Kamm_life-like_doll_3D_sculp_1043af8c-b3ca-4bd9-9e66-46c5f3216b78_2.png	sculp-22.png
httpss.mj.runGNXwMoWH-TI_Frances_Kamm_life-like_doll_3D_sculp_cb614d6d-2ec3-4157-983b-40e99dfe514e_0.png	sculp-23.png
httpss.mj.rungPcY_T_A3xA_Eran_Elinav_life-like_doll_3D_sculpt_77844bd4-de30-46ae-8398-e34ca77c7af5_1.png	sculpt-19.png
httpss.mj.rungPcY_T_A3xA_Eran_Elinav_life-like_doll_3D_sculpt_77844bd4-de30-46ae-8398-e34ca77c7af5_2.png	sculpt-20.png
httpss.mj.rungPcY_T_A3xA_Eran_Elinav_life-like_doll_3D_sculpt_84ff8f2c-8e49-4d44-888a-d1c2d3da79f8_2.png	sculpt-21.png
httpss.mj.rungPH4V-TNJCk_Clair_Patterson_life-like_doll_3D_sc_4bc7ea13-5442-47bd-9856-b3009589f83a_0.png	sc-40.png
httpss.mj.rungqMnFsuiJ1A_Lynn_Conway_life-like_doll_3D_sculpt_9c0392e7-daab-4311-a546-f5a7ac3af0f6_1.png	sculpt-22.png
httpss.mj.rungqMnFsuiJ1A_Lynn_Conway_life-like_doll_3D_sculpt_b968954b-fddd-4416-95bc-3962eef357dc_2.png	sculpt-23.png
httpss.mj.runGsifS-w8Gt8_Herman_Hollerith_life-like_doll_3D_s_05ef0031-0f09-4699-8e7f-187e5670d030_0.png	s-19.png
httpss.mj.runGsifS-w8Gt8_Herman_Hollerith_life-like_doll_3D_s_05ef0031-0f09-4699-8e7f-187e5670d030_2.png	s-20.png
httpss.mj.runGsifS-w8Gt8_Herman_Hollerith_life-like_doll_3D_s_05ef0031-0f09-4699-8e7f-187e5670d030_3.png	s-21.png
httpss.mj.rungtAb22bEz1Y_louis_armstrong_playing_the_trumpet__e0651f22-f938-4c8b-91aa-5659281821a2_3.png	image-047.png
httpss.mj.rungvz13ZRQBdM_Georg_Cantor_life-like_doll_3D_sculp_1ad2cb77-4553-42ae-961b-a112021c05ba_3.png	sculp-24.png
httpss.mj.rungvz13ZRQBdM_Georg_Cantor_life-like_doll_3D_sculp_7363e4cd-792d-46ad-b955-73d247de1c8a_0.png	sculp-25.png
httpss.mj.rungZkRmyPX9os_black_and_white_photo_of_actor_bill__9f8099d6-f554-4933-8b51-f82708d1b490_2.png	image-048.png
httpss.mj.runh3tk40RuYS8_Margaret_Mead_life-like_doll_3D_scul_9e065104-3382-4551-8370-14a532334ce0_1.png	scul-27.png
httpss.mj.runh3tk40RuYS8_Margaret_Mead_life-like_doll_3D_scul_9e065104-3382-4551-8370-14a532334ce0_2.png	scul-28.png
httpss.mj.runH9NPEAzKueY_Michel_de_Montaigne_life-like_doll_3_0400f091-38f2-4536-94c2-c888edcb6555_1.png	3-11.png
httpss.mj.runH9NPEAzKueY_Michel_de_Montaigne_life-like_doll_3_0400f091-38f2-4536-94c2-c888edcb6555_3.png	3-12.png
httpss.mj.runH9NPEAzKueY_Michel_de_Montaigne_life-like_doll_3_8527a219-ab64-4ce1-8993-642eb87eb741_2.png	3-13.png
httpss.mj.runHC7tY3fjNqk_Tibbers_close_up_of_a_scary_looking__3fc6ca58-1d95-4d6a-9a93-2644547068f1_3.png	image-049.png
httpss.mj.runhCioxqADLOU_Frances_Oldham_Kelsey_life-like_doll_4c9b5558-ed66-4fec-a285-dfa8ce4a31f6_1.png	doll-11.png
httpss.mj.runHGBitN71hHE_Annie_Easley_life-like_doll_3D_sculp_8d12b8f5-d49f-4e8c-af4d-0e292afa262c_0.png	sculp-26.png
httpss.mj.runhhc-lnTO6Go_Ludwik_Fleck__life-like_doll_3D_scul_315f0696-23a2-46dd-8e87-2882087e45ad_2.png	scul-29.png
httpss.mj.runhhc-lnTO6Go_Ludwik_Fleck__life-like_doll_3D_scul_89ef3f2f-2480-4537-bf9b-dee61bccf96b_2.png	scul-30.png
httpss.mj.runhhc-lnTO6Go_Ludwik_Fleck__life-like_doll_3D_scul_89ef3f2f-2480-4537-bf9b-dee61bccf96b_3.png	scul-31.png
httpss.mj.runhKrNURnfaEg_33-year-old_Nikola_Tesla_1881_Serbia_2a52bf47-bf71-4606-822e-e9c73e0cd05e_1.png	serbia-01.png
httpss.mj.runhKrNURnfaEg_33-year-old_Nikola_Tesla_1881_Serbia_43d4ca03-fc2b-4447-9c0b-5c18530a574f_0.png	serbia-02.png
httpss.mj.runhKrNURnfaEg_33-year-old_Nikola_Tesla_1881_Serbia_6f8601e1-828e-4ef4-9d35-549c6c222974_0.png	serbia-03.png
httpss.mj.runhKrNURnfaEg_33-year-old_Nikola_Tesla_1881_Serbia_6f8601e1-828e-4ef4-9d35-549c6c222974_1.png	serbia-04.png
httpss.mj.runhKrNURnfaEg_33-year-old_Nikola_Tesla_1881_Serbia_6f8601e1-828e-4ef4-9d35-549c6c222974_3.png	serbia-05.png
httpss.mj.runhKrNURnfaEg_33-year-old_Nikola_Tesla_1881_Serbia_9cb8485e-38c9-4103-9c99-eb3831b9ab87_0.png	serbia-06.png
httpss.mj.runhKrNURnfaEg_33-year-old_Nikola_Tesla_1881_Serbia_a9153b91-c7b6-4522-a32b-22d532d4c6a6_0.png	serbia-07.png
httpss.mj.runhKrNURnfaEg_33-year-old_Nikola_Tesla_1881_Serbia_a9153b91-c7b6-4522-a32b-22d532d4c6a6_3.png	serbia-08.png
httpss.mj.runhM1XvYsn0Vw_Pierre_Mchain_life-like_doll_3D_scul_2a6bca85-75f5-4f66-9a9b-2736f6422751_0.png	scul-32.png
httpss.mj.runhM1XvYsn0Vw_Pierre_Mchain_life-like_doll_3D_scul_2a6bca85-75f5-4f66-9a9b-2736f6422751_1.png	scul-33.png
httpss.mj.runhMCKViX_e6g_B.F._Skinner_life-like_doll_3D_sculp_9ed5e1c2-b47d-4a15-a561-f5607a265cf0_0.png	b-f-skinner-life-like-doll-3d-sculp-01.png
httpss.mj.runhMCKViX_e6g_B.F._Skinner_life-like_doll_3D_sculp_a0ee2b04-dd09-440d-aaf7-f24ff0e34918_0.png	b-f-skinner-life-like-doll-3d-sculp-02.png
httpss.mj.runhMCKViX_e6g_B.F._Skinner_life-like_doll_3D_sculp_aac45b7d-4018-4691-89d8-2bd478a8fa98_0.png	b-f-skinner-life-like-doll-3d-sculp-03.png
httpss.mj.runhNV0WLYVexk_Emil_Fischer_life-like_doll_3D_sculp_b52bf288-7632-4352-9de3-db6014a8b5ef_1.png	sculp-27.png
httpss.mj.runhNV0WLYVexk_Emil_Fischer_life-like_doll_3D_sculp_b52bf288-7632-4352-9de3-db6014a8b5ef_2.png	sculp-28.png
httpss.mj.runhNV0WLYVexk_Emil_Fischer_life-like_doll_3D_sculp_b52bf288-7632-4352-9de3-db6014a8b5ef_3.png	sculp-29.png
httpss.mj.runhNV0WLYVexk_Emil_Fischer_life-like_doll_3D_sculp_ff434ccc-6695-4d45-8015-7e18b142dc55_0.png	sculp-30.png
httpss.mj.runhNV0WLYVexk_Emil_Fischer_life-like_doll_3D_sculp_ff434ccc-6695-4d45-8015-7e18b142dc55_1.png	sculp-31.png
httpss.mj.runHWOBpWBmuBE_Robert_Hooke_life-like_doll_3D_sculp_08bb3f9a-87d9-4015-9a98-689edacebc77_3.png	sculp-32.png
httpss.mj.runHWOBpWBmuBE_Robert_Hooke_life-like_doll_3D_sculp_90e04887-bb7d-4532-81de-c37bd5365ebc_1.png	sculp-33.png
httpss.mj.runHWOBpWBmuBE_Robert_Hooke_life-like_doll_3D_sculp_90e04887-bb7d-4532-81de-c37bd5365ebc_3.png	sculp-34.png
httpss.mj.runhxivUcglcJU_black_and_white_photo_of_billie_the__85cb71ac-f6fd-4cd1-b41c-fe568dfc8895_1.png	image-050.png
httpss.mj.runhxivUcglcJU_black_and_white_photo_of_billie_the__a648a155-2fe2-4798-9364-b4bc9db067a7_2.png	image-051.png
httpss.mj.runhxivUcglcJU_black_and_white_photo_of_billie_the__a648a155-2fe2-4798-9364-b4bc9db067a7_3.png	image-052.png
httpss.mj.runHXLzNjvA4TI_Frances_E._Allen_life-like_doll_3D_s_ab131923-2858-411f-aaf9-72b131a48165_0.png	e-allen-life-like-doll-3d-s-01.png
httpss.mj.runHXLzNjvA4TI_Frances_E._Allen_life-like_doll_3D_s_ab131923-2858-411f-aaf9-72b131a48165_2.png	e-allen-life-like-doll-3d-s-02.png
httpss.mj.runHXLzNjvA4TI_Frances_E._Allen_life-like_doll_3D_s_fd57a597-07a3-4151-b50d-815038c3ad4d_0.png	e-allen-life-like-doll-3d-s-03.png
httpss.mj.runhY3jDP8bqD4_William_Nordhaus_life-like_doll_3D_s_0bd645f9-ac38-4fb2-a49f-065c3fcdded6_2.png	s-22.png
httpss.mj.runhY3jDP8bqD4_William_Nordhaus_life-like_doll_3D_s_30818f76-9c89-43fa-8b33-42cb2b568eaa_1.png	s-23.png
httpss.mj.runhzOcm6P8d0Y_Lani_Guinier_life-like_doll_3D_sculp_1b87bace-7330-4044-9a66-4fd6009657ff_1.png	sculp-35.png
httpss.mj.runhzOcm6P8d0Y_Lani_Guinier_life-like_doll_3D_sculp_533e713d-90dd-44d1-9265-1e9bc32ec6f5_0.png	sculp-36.png
httpss.mj.runhzOcm6P8d0Y_Lani_Guinier_life-like_doll_3D_sculp_533e713d-90dd-44d1-9265-1e9bc32ec6f5_2.png	sculp-37.png
httpss.mj.runIc-tpu-BPZo_Sewall_Wright_life-like_doll_3D_scul_2a492960-b97c-4745-a122-3c035e96e855_0.png	scul-34.png
httpss.mj.runIc-tpu-BPZo_Sewall_Wright_life-like_doll_3D_scul_2a492960-b97c-4745-a122-3c035e96e855_1.png	scul-35.png
httpss.mj.runIc-tpu-BPZo_Sewall_Wright_life-like_doll_3D_scul_b16e7c81-e2db-42fd-8045-73b6fbb447c9_0.png	scul-36.png
httpss.mj.runiCyi-Y0NgvM_a_beautiful_woman_with_dark_hair_and_054680aa-24a9-4b54-ba89-9ffcc79faeeb_0.png	and-01.png
httpss.mj.runiCyi-Y0NgvM_a_beautiful_woman_with_dark_hair_and_2572b91f-d833-4709-a513-42ae100bb5fa_0.png	and-02.png
httpss.mj.runiCyi-Y0NgvM_a_beautiful_woman_with_dark_hair_and_3c021556-9289-4372-9c0a-b4c83b021561_0.png	and-03.png
httpss.mj.runiCyi-Y0NgvM_a_beautiful_woman_with_dark_hair_and_4e4239d7-b89f-4b20-a15d-79de54e61f4e_0.png	and-04.png
httpss.mj.runiCyi-Y0NgvM_a_beautiful_woman_with_dark_hair_and_50a76219-e275-4d4e-bfa1-b2a111465e85_0.png	and-05.png
httpss.mj.runiCyi-Y0NgvM_a_beautiful_woman_with_dark_hair_and_a47ab1f1-1cf5-4749-8d8c-3370fac96a9d_0.png	and-06.png
httpss.mj.runiCyi-Y0NgvM_a_beautiful_woman_with_dark_hair_and_a9a34a19-338f-4300-90b1-a3267d092df7_0.png	and-07.png
httpss.mj.runiCyi-Y0NgvM_a_beautiful_woman_with_dark_hair_and_b73dbfe1-b0e2-4f08-b564-8fffabc8fb2f_0.png	and-08.png
httpss.mj.runiCyi-Y0NgvM_a_beautiful_woman_with_dark_hair_and_d508ab2e-2d9a-4350-91a8-9851dc5d1a98_0.png	and-09.png
httpss.mj.runiCyi-Y0NgvM_a_beautiful_woman_with_dark_hair_and_e8090349-afc5-40b9-a064-42ae436055a8_0.png	and-10.png
httpss.mj.runiCyi-Y0NgvM_a_beautiful_woman_with_dark_hair_and_e8090349-afc5-40b9-a064-42ae436055a8_2.png	and-11.png
httpss.mj.runIhrcaAjwM08_Munehisa_Homma_eighteenth-century_Ja_6dfd99f2-8a3e-4e09-bbb8-2f3eb38fe62b_0.png	ja-01.png
httpss.mj.runIhrcaAjwM08_Munehisa_Homma_eighteenth-century_Ja_9e279f16-1225-4043-aad0-fd7f27e50d9e_2.png	ja-02.png
httpss.mj.runIIbu3Da7OPY_Ramon_Llull_life-like_doll_3D_sculpt_a776cb13-ca3b-4419-a009-59bef2799096_1.png	sculpt-24.png
httpss.mj.runIIbu3Da7OPY_Ramon_Llull_life-like_doll_3D_sculpt_a776cb13-ca3b-4419-a009-59bef2799096_2.png	sculpt-25.png
httpss.mj.runIIbu3Da7OPY_Ramon_Llull_life-like_doll_3D_sculpt_e90d33cf-de26-453e-af38-88dae1872927_1.png	sculpt-26.png
httpss.mj.runIIbu3Da7OPY_Ramon_Llull_life-like_doll_3D_sculpt_e90d33cf-de26-453e-af38-88dae1872927_3.png	sculpt-27.png
httpss.mj.runIkUhXE-PWgI_Irving_Fisher_life-like_doll_3D_scul_ddf1b5d0-3d06-4300-8969-9223b2acf380_1.png	scul-37.png
httpss.mj.runIkUhXE-PWgI_Irving_Fisher_life-like_doll_3D_scul_edff53a7-4a5e-4ca5-a09a-afc9c42a0bd9_0.png	scul-38.png
httpss.mj.runIkUhXE-PWgI_Irving_Fisher_life-like_doll_3D_scul_edff53a7-4a5e-4ca5-a09a-afc9c42a0bd9_1.png	scul-39.png
httpss.mj.runIkUhXE-PWgI_Irving_Fisher_life-like_doll_3D_scul_edff53a7-4a5e-4ca5-a09a-afc9c42a0bd9_2.png	scul-40.png
httpss.mj.runIKZoFoPIqlg_a_black-and-white_photograph_of_mada_5cf8862d-d1b9-416d-bcc8-b7b226abbc5c_0.png	mada-01.png
httpss.mj.runIKZoFoPIqlg_a_black-and-white_photograph_of_mada_f2bdaabc-b4c8-4066-b5cd-057b13f07551_0.png	mada-02.png
httpss.mj.runIoPrP0ulCX0_Hyper-realistic_portrait_of_a_26-yea_084b4fdd-ad83-4204-a33e-067e4d789e8e_0.png	26-yea-01.png
httpss.mj.runIoPrP0ulCX0_Hyper-realistic_portrait_of_a_26-yea_084b4fdd-ad83-4204-a33e-067e4d789e8e_1.png	26-yea-02.png
httpss.mj.runIoPrP0ulCX0_Hyper-realistic_portrait_of_a_26-yea_13ac077b-8884-438e-b1f4-e3f2f3796d3e_2.png	26-yea-03.png
httpss.mj.runiYAObv3i3jg_handsome_black_man_with_his_hair_in__4af6cb12-53d0-4f4a-9e32-b7c256dfeef0_0.png	image-053.png
httpss.mj.runiYAObv3i3jg_handsome_black_man_with_his_hair_in__4af6cb12-53d0-4f4a-9e32-b7c256dfeef0_2.png	image-054.png
httpss.mj.runiYAObv3i3jg_handsome_black_man_with_his_hair_in__ce230967-62ce-49a5-8e4a-e1e4c99bf10b_3.png	image-055.png
httpss.mj.runJ2cgpGC8EMU_as_a_Barbie_or_Ken_doll_postcard-sty_23532add-33d9-4765-908f-ed37c6c81562_1.png	postcard-sty.png
httpss.mj.runj34RmmORbD0_Massimo_Vignelli_life-like_doll_3D_s_211488ff-6cf9-4cb1-8480-0e4bf129fdf3_2.png	s-24.png
httpss.mj.runj34RmmORbD0_Massimo_Vignelli_life-like_doll_3D_s_420d583d-ac98-4573-ad98-6fddc98ae645_1.png	s-25.png
httpss.mj.runj4QxKY5nJc0_rudolph_the_red-nosed_reindeer_and_h_3a319a4e-eea9-4c34-b005-db9ab1818a80_1.png	h-01.png
httpss.mj.runjEdROrD1YGM_Frances_Glessner_Lee_life-like_doll__e4568654-e5dd-46d5-a298-beab187725d4_1.png	image-056.png
httpss.mj.runjerc549vZHQ_black_and_white_photo_of_three_afric_f1ed2d35-fe0c-4e14-af35-ae495694d7b7_2.png	afric-01.png
httpss.mj.runjh-GIAvPxig_Max_Planck_life-like_doll_3D_sculptu_4b2ff69f-5b45-4f25-b28e-748755ef24f1_0.png	sculptu-16.png
httpss.mj.runjh-GIAvPxig_Max_Planck_life-like_doll_3D_sculptu_fd0962e5-fbb0-4721-a7da-2da2dc4e363e_1.png	sculptu-17.png
httpss.mj.runjh-GIAvPxig_Max_Planck_life-like_doll_3D_sculptu_fd0962e5-fbb0-4721-a7da-2da2dc4e363e_2.png	sculptu-18.png
httpss.mj.runJOBFBgpXvPg_George_Bradshaw_life-like_doll_3D_sc_70133318-63c0-42b2-a487-926937807fc8_1.png	sc-41.png
httpss.mj.runJOBFBgpXvPg_George_Bradshaw_life-like_doll_3D_sc_70133318-63c0-42b2-a487-926937807fc8_3.png	sc-42.png
httpss.mj.runJOBFBgpXvPg_George_Bradshaw_life-like_doll_3D_sc_8cbdc24b-d5e7-43f7-af3a-8253affd5914_1.png	sc-43.png
httpss.mj.runJqK7I-y5Zrg_Ken_Thompson_life-like_doll_3D_sculp_06a52fdd-9cbd-4dec-a336-9ad352631e91_1.png	sculp-38.png
httpss.mj.runJqK7I-y5Zrg_Ken_Thompson_life-like_doll_3D_sculp_8ff70251-5979-4e31-9c78-b8bfaee1afe5_0.png	sculp-39.png
httpss.mj.runJqK7I-y5Zrg_Ken_Thompson_life-like_doll_3D_sculp_8ff70251-5979-4e31-9c78-b8bfaee1afe5_3.png	sculp-40.png
httpss.mj.runJtL5CR9BKE0_W._E._B._Du_Bois_life-like_doll_3D_s_03787f9a-0104-4d33-901d-82a798bd0886_3.png	w-e-b-du-bois-life-like-doll-3d-s-01.png
httpss.mj.runJtL5CR9BKE0_W._E._B._Du_Bois_life-like_doll_3D_s_a1c0600c-8756-4016-96dd-4b77437a867f_0.png	w-e-b-du-bois-life-like-doll-3d-s-02.png
httpss.mj.runJtL5CR9BKE0_W._E._B._Du_Bois_life-like_doll_3D_s_ce1433b6-4d39-40b7-872a-77de3d01626d_0.png	w-e-b-du-bois-life-like-doll-3d-s-03.png
httpss.mj.runJtL5CR9BKE0_W._E._B._Du_Bois_life-like_doll_3D_s_ce1433b6-4d39-40b7-872a-77de3d01626d_2.png	w-e-b-du-bois-life-like-doll-3d-s-04.png
httpss.mj.runJXZEqIyRafY_Tibbers_close_up_of_a_scary_looking__0f5fac83-7939-4472-aac1-48642b4736ef_3.png	image-057.png
httpss.mj.runJZdU0PKQn4k_Ella_Baker_life-like_doll_3D_sculptu_5f92e3f3-b0bf-4ad3-b8f9-fe9f446f22d2_2.png	sculptu-19.png
httpss.mj.runJZdU0PKQn4k_Ella_Baker_life-like_doll_3D_sculptu_5f92e3f3-b0bf-4ad3-b8f9-fe9f446f22d2_3.png	sculptu-20.png
httpss.mj.runKcg19ArH3ZE_formal_sepia_portrait_features_Phili_041a8c6d-6ecb-4f9c-8e44-1efa662d47ef_0.png	phili.png
httpss.mj.runkchn_OGjGMk_Hetty_Green_life-like_doll_3D_sculpt_28297b18-63f6-4a78-9b83-8c1f8b145849_0.png	sculpt-28.png
httpss.mj.runkchn_OGjGMk_Hetty_Green_life-like_doll_3D_sculpt_5bfa5ac2-a223-4123-b91e-016a3e2ca924_0.png	sculpt-29.png
httpss.mj.runkchn_OGjGMk_Hetty_Green_life-like_doll_3D_sculpt_5bfa5ac2-a223-4123-b91e-016a3e2ca924_1.png	sculpt-30.png
httpss.mj.runkchn_OGjGMk_Hetty_Green_life-like_doll_3D_sculpt_5bfa5ac2-a223-4123-b91e-016a3e2ca924_3.png	sculpt-31.png
httpss.mj.runKFVnVu8jMm8_Isidor_Isaac_Rabi_life-like_doll_3D__38942d1e-dab1-463c-a755-1b5cec083f4c_0.png	image-058.png
httpss.mj.runKFVnVu8jMm8_Isidor_Isaac_Rabi_life-like_doll_3D__5018e5bb-27fc-4883-8403-760c734dcb5e_0.png	image-059.png
httpss.mj.runKFVnVu8jMm8_Isidor_Isaac_Rabi_life-like_doll_3D__5018e5bb-27fc-4883-8403-760c734dcb5e_3.png	image-060.png
httpss.mj.runKfzBLccEIPY_Tasuku_Honjo_life-like_doll_3D_sculp_1b12f29c-ad21-4030-be32-c84090b736d7_3.png	sculp-41.png
httpss.mj.runKfzBLccEIPY_Tasuku_Honjo_life-like_doll_3D_sculp_69a3275e-4c37-4076-92c9-ef44b20e1372_1.png	sculp-42.png
httpss.mj.runKfzBLccEIPY_Tasuku_Honjo_life-like_doll_3D_sculp_69a3275e-4c37-4076-92c9-ef44b20e1372_3.png	sculp-43.png
httpss.mj.runKgi9nA2UU_A_Maarten_Schmidt_life-like_doll_3D_sc_f5c6f080-3b5b-46e8-942f-f7198311d985_0.png	sc-44.png
httpss.mj.runKgi9nA2UU_A_Maarten_Schmidt_life-like_doll_3D_sc_f5c6f080-3b5b-46e8-942f-f7198311d985_2.png	sc-45.png
httpss.mj.runKjB1MWsiFZ8_Edward_Thorndike_life-like_doll_3D_s_629d3136-7500-4dfa-beda-d2833925b98b_1.png	s-26.png
httpss.mj.runKjB1MWsiFZ8_Edward_Thorndike_life-like_doll_3D_s_bb34ad36-c359-4b58-9466-304a7e22e6cc_1.png	s-27.png
httpss.mj.runkl0bDLacJWQ_Jean_Piaget_life-like_doll_3D_sculpt_002c5e96-a7e0-44d9-83ef-2c5c38a536fc_1.png	sculpt-32.png
httpss.mj.runkl0bDLacJWQ_Jean_Piaget_life-like_doll_3D_sculpt_773d00aa-1b97-48d4-880a-6b60ac1389e7_0.png	sculpt-33.png
httpss.mj.runkl0bDLacJWQ_Jean_Piaget_life-like_doll_3D_sculpt_773d00aa-1b97-48d4-880a-6b60ac1389e7_3.png	sculpt-34.png
httpss.mj.runKSZa0C3N3D8_Elizabeth_Loftus_life-like_doll_3D_s_ecc7d1b5-4329-4f98-b040-9ab8583ce09f_2.png	s-28.png
httpss.mj.runktXxk43JkOk_Fantasy_Folk_Art_Scene_A_magical_bea_e913c848-eed6-4d0a-9dca-2602cbf8a613_2.png	bea.png
httpss.mj.runKUcDHYLrtFc_An_Wang_life-like_doll_3D_sculpture__1aee1402-ec2b-4c70-889a-9e44ffa6329d_0.png	image-061.png
httpss.mj.runKUcDHYLrtFc_An_Wang_life-like_doll_3D_sculpture__1aee1402-ec2b-4c70-889a-9e44ffa6329d_1.png	image-062.png
httpss.mj.runKUcDHYLrtFc_An_Wang_life-like_doll_3D_sculpture__2ad37942-57ea-48e3-9cfc-cd554d111992_2.png	image-063.png
httpss.mj.runKUcDHYLrtFc_An_Wang_life-like_doll_3D_sculpture__339c7bcd-5cb6-4744-89a8-9b58863051ef_2.png	image-064.png
httpss.mj.runKUcDHYLrtFc_An_Wang_life-like_doll_3D_sculpture__339c7bcd-5cb6-4744-89a8-9b58863051ef_3.png	image-065.png
httpss.mj.runKUcDHYLrtFc_An_Wang_life-like_doll_3D_sculpture__b38d4e27-2b91-4455-9742-5be67988d928_3.png	image-066.png
httpss.mj.runkuWWg8lE34U_black-and-white_studio_portrait_show_dca9f53f-75ce-480c-bfe2-59022493a20d_2.png	show.png
httpss.mj.runKVCgN6COSSQ_Jane_Loevinger_life-like_doll_3D_scu_96623a7e-8306-45d5-ab0c-134b74098c33_1.png	scu-31.png
httpss.mj.runKVCgN6COSSQ_Jane_Loevinger_life-like_doll_3D_scu_b057835f-87fb-4c2d-a501-b1b82be4584f_2.png	scu-32.png
httpss.mj.runKVCgN6COSSQ_Jane_Loevinger_life-like_doll_3D_scu_b057835f-87fb-4c2d-a501-b1b82be4584f_3.png	scu-33.png
httpss.mj.runkWAmZgIAWxM_33-year-old_J.M.W._Turner_1775_Engli_48ff669e-9105-4b89-8eb7-9cfdde79c7b7_1.png	j-m-w-turner-1775-engli-01.png
httpss.mj.runkWAmZgIAWxM_33-year-old_J.M.W._Turner_1775_Engli_48ff669e-9105-4b89-8eb7-9cfdde79c7b7_3.png	j-m-w-turner-1775-engli-02.png
httpss.mj.runkWAmZgIAWxM_33-year-old_J.M.W._Turner_1775_Engli_9bcb65aa-0139-4ad1-924a-24d3d2bde236_0.png	j-m-w-turner-1775-engli-03.png
httpss.mj.runkwy29aJkBWM_Francis_Galton_life-like_doll_3D_scu_111c44c2-7a0e-4f2e-8677-68eafa3eb511_2.png	scu-34.png
httpss.mj.runkwy29aJkBWM_Francis_Galton_life-like_doll_3D_scu_6c8d7d8f-01a6-42fe-b540-9901d67b563e_0.png	scu-35.png
httpss.mj.runkwy29aJkBWM_Francis_Galton_life-like_doll_3D_scu_a217243b-992c-43fa-9be5-48c075742df8_0.png	scu-36.png
httpss.mj.runkwy29aJkBWM_Francis_Galton_life-like_doll_3D_scu_a48f3af7-1084-4614-922a-cebc7c88dda1_0.png	scu-37.png
httpss.mj.runkwy29aJkBWM_Francis_Galton_life-like_doll_3D_scu_a48f3af7-1084-4614-922a-cebc7c88dda1_2.png	scu-38.png
httpss.mj.runkwy29aJkBWM_Francis_Galton_life-like_doll_3D_scu_db225c05-c1cc-4802-9074-4cb48541c01d_0.png	scu-39.png
httpss.mj.runl_gJBhrR7jk_Robert_K._Merton_life-like_doll_3D_s_8e621639-d68a-44d2-b709-42e0695a5852_2.png	k-merton-life-like-doll-3d-s-01.png
httpss.mj.runl_gJBhrR7jk_Robert_K._Merton_life-like_doll_3D_s_eb71b52c-2264-4039-89d3-2bcdb98cc8dd_1.png	k-merton-life-like-doll-3d-s-02.png
httpss.mj.runL-jqVxsHJ1E_beautiful_29-year-old_Fa_Mulan_Chine_72faeadd-4eb0-4f8e-8ace-60ed2f85b7f5_0.png	chine-01.png
httpss.mj.runL-jqVxsHJ1E_beautiful_29-year-old_Fa_Mulan_Chine_ef2671da-0215-4561-a370-079bd5fb6a33_0.png	chine-02.png
httpss.mj.runL-jqVxsHJ1E_beautiful_29-year-old_Fa_Mulan_Chine_f7fa9a11-4768-464d-befd-a98840fa4fa3_1.png	chine-03.png
httpss.mj.runL-jqVxsHJ1E_Fa_Mulan_likelife_life-like_doll_3D__89fcabfb-96d0-4c29-aecf-a1373aa6d4d0_0.png	image-067.png
httpss.mj.runl-KRWqH9NUg_young_turner_white_tuxedo_with_tie_a_cdd329d2-a859-4088-b31a-ad8fc89b4dd3_1.png	image-068.png
httpss.mj.runlAY9lnHeIwQ_Maria_Montessori_life-like_doll_3D_s_1a08c6e7-dbd0-465b-a678-bcde9fe77c12_1.png	s-29.png
httpss.mj.runlAY9lnHeIwQ_Maria_Montessori_life-like_doll_3D_s_dec05bc9-aab3-49a9-b456-dde0837cb9f2_3.png	s-30.png
httpss.mj.runlbWxZ8XJbBc_Francis_Amasa_Walker_life-like_doll__53003778-031c-4b4f-828c-4f4e3c1d0fba_1.png	image-069.png
httpss.mj.runlbWxZ8XJbBc_Francis_Amasa_Walker_life-like_doll__53003778-031c-4b4f-828c-4f4e3c1d0fba_2.png	image-070.png
httpss.mj.runlbWxZ8XJbBc_Francis_Amasa_Walker_life-like_doll__c293759e-f54e-4b14-9629-344599de9fd4_2.png	image-071.png
httpss.mj.runlCDTGb5BzgY_beautiful_indian_woman_29_year_old_s_59d43ef3-63e0-4d93-946c-26b119a98ab6_1.png	s-31.png
httpss.mj.runlcJWrPNaZSU_Amartya_Sen_life-like_doll_3D_sculpt_4efa4726-d666-4d3f-8cfa-5c5fd0aee842_1.png	sculpt-35.png
httpss.mj.runlcJWrPNaZSU_Amartya_Sen_life-like_doll_3D_sculpt_5a4a2c6b-7571-4477-876e-85e5320a9b76_1.png	sculpt-36.png
httpss.mj.runlcJWrPNaZSU_Amartya_Sen_life-like_doll_3D_sculpt_822ecaf4-84c0-4d1c-b339-72d24a6aa544_1.png	sculpt-37.png
httpss.mj.runlcJWrPNaZSU_Amartya_Sen_life-like_doll_3D_sculpt_822ecaf4-84c0-4d1c-b339-72d24a6aa544_2.png	sculpt-38.png
httpss.mj.runLfI7GjcN2XA_Ernst_Chladni_life-like_doll_3D_scul_10ead6a7-1a5a-462b-84f7-b0cb9cbc8fa3_0.png	scul-41.png
httpss.mj.runLfI7GjcN2XA_Ernst_Chladni_life-like_doll_3D_scul_10ead6a7-1a5a-462b-84f7-b0cb9cbc8fa3_2.png	scul-42.png
httpss.mj.runLfI7GjcN2XA_Ernst_Chladni_life-like_doll_3D_scul_10ead6a7-1a5a-462b-84f7-b0cb9cbc8fa3_3.png	scul-43.png
httpss.mj.runLfI7GjcN2XA_Ernst_Chladni_life-like_doll_3D_scul_fd7d284c-6044-46ad-8c13-45d8043c5001_0.png	scul-44.png
httpss.mj.runLfI7GjcN2XA_Ernst_Chladni_life-like_doll_3D_scul_fd7d284c-6044-46ad-8c13-45d8043c5001_1.png	scul-45.png
httpss.mj.runLIDist9wlAc_two_young_african_american_men._one__2d4b14e4-2a41-4616-a8d2-b87605e3a0a2_1.png	men-one.png
httpss.mj.runLIX2Wffs1EE_Singer_in_a_1950s_studio_The_singer__07be1d90-5b87-4d27-905e-6be10b6ea537_0.png	image-072.png
httpss.mj.runLN9w6Lrgho8_black_and_white_close-up_photograph__03f61363-e23f-4114-a590-4da579ebc453_0.png	image-073.png
httpss.mj.runLN9w6Lrgho8_black_and_white_close-up_photograph__951a2e46-3eda-499f-b0c2-b38eaab9fe43_1.png	image-074.png
httpss.mj.runLNNVNPRUA9Q_Erik_Erikson_life-like_doll_3D_sculp_44ff776f-24d9-48ff-bb7c-36cad4033429_3.png	sculp-44.png
httpss.mj.runLNNVNPRUA9Q_Erik_Erikson_life-like_doll_3D_sculp_d16518eb-ace4-496a-8f85-5233ae7a1dc0_0.png	sculp-45.png
httpss.mj.runLNNVNPRUA9Q_Erik_Erikson_life-like_doll_3D_sculp_d16518eb-ace4-496a-8f85-5233ae7a1dc0_2.png	sculp-46.png
httpss.mj.runLNNVNPRUA9Q_Erik_Erikson_life-like_doll_3D_sculp_d16518eb-ace4-496a-8f85-5233ae7a1dc0_3.png	sculp-47.png
httpss.mj.runLNpeqhJQazQ_Ubuntu_philosopher_Iron_Giant_Mecha__291ffd95-49af-4724-b7e7-b7e648eb9e88_0.png	image-075.png
httpss.mj.runLNpeqhJQazQ_Ubuntu_philosopher_Iron_Giant_Mecha__291ffd95-49af-4724-b7e7-b7e648eb9e88_1.png	image-076.png
httpss.mj.runLNpeqhJQazQ_Ubuntu_philosopher_Iron_Giant_Mecha__291ffd95-49af-4724-b7e7-b7e648eb9e88_2.png	image-077.png
httpss.mj.runLNpeqhJQazQ_Ubuntu_philosopher_Iron_Giant_Mecha__291ffd95-49af-4724-b7e7-b7e648eb9e88_3.png	image-078.png
httpss.mj.runLNpeqhJQazQ_Ubuntu_philosopher_Iron_Giant_Mecha__39afeb29-2b6d-402f-aebd-10ee25e872bf_2.png	image-079.png
httpss.mj.runLNpeqhJQazQ_Ubuntu_philosopher_Iron_Giant_Mecha__39afeb29-2b6d-402f-aebd-10ee25e872bf_3.png	image-080.png
httpss.mj.runLNpeqhJQazQ_Ubuntu_philosopher_Iron_Giant_Mecha__4dab7b18-3529-4554-95a9-cefdfa66111a_2.png	image-081.png
httpss.mj.runLNpeqhJQazQ_Ubuntu_philosopher_Iron_Giant_Mecha__59b3af62-87cd-4c00-84ec-85ac41de6d51_3.png	image-082.png
httpss.mj.runlS9zjgHU90E_Henriette_Avram_life-like_doll_3D_sc_46014a41-b34f-43ff-8694-3625467ff071_2.png	sc-46.png
httpss.mj.runlS9zjgHU90E_Henriette_Avram_life-like_doll_3D_sc_4f5c08e1-c850-45b9-857e-1ce23b1fa483_2.png	sc-47.png
httpss.mj.runltgd_Ako8EQ_Frederick_Sanger_life-like_doll_3D_s_2fb0cc59-1b83-4611-99be-ce40faed7c93_0.png	s-32.png
httpss.mj.runltgd_Ako8EQ_Frederick_Sanger_life-like_doll_3D_s_2fb0cc59-1b83-4611-99be-ce40faed7c93_3.png	s-33.png
httpss.mj.runltgd_Ako8EQ_Frederick_Sanger_life-like_doll_3D_s_61faa09a-38e8-41c7-883c-707adca7d3ec_0.png	s-34.png
httpss.mj.runLWhiURWPgig_Carlo_M._Croce_life-like_doll_3D_scu_40c6a29d-9fe3-48b6-a503-85de029b1c3c_0.png	m-croce-life-like-doll-3d-scu.png
httpss.mj.runLYmB8vK4wxk_close-up_portrait_of_the_face_of_tup_2943351f-120c-4dcc-84e0-28ec57def2e4_0.png	tup.png
httpss.mj.runlZizfS5KO_E_Saul_Perlmutter_life-like_doll_3D_sc_33058606-b320-45d3-8aa2-07a1acfdf3aa_3.png	sc-48.png
httpss.mj.runlZizfS5KO_E_Saul_Perlmutter_life-like_doll_3D_sc_8b450161-e82d-41e1-ad9d-ea66e59ffb71_0.png	sc-49.png
httpss.mj.runlZizfS5KO_E_Saul_Perlmutter_life-like_doll_3D_sc_8b450161-e82d-41e1-ad9d-ea66e59ffb71_2.png	sc-50.png
httpss.mj.runM1qCF4g71hY_Hendrik_Lorentz_life-like_doll_3D_sc_250a2a60-b178-49b3-8297-8f8fbf276df2_0.png	sc-51.png
httpss.mj.runM1qCF4g71hY_Hendrik_Lorentz_life-like_doll_3D_sc_39b01065-ccbd-4763-a146-10213da0e677_0.png	sc-52.png
httpss.mj.runM1qCF4g71hY_Hendrik_Lorentz_life-like_doll_3D_sc_39b01065-ccbd-4763-a146-10213da0e677_3.png	sc-53.png
httpss.mj.runmaOn4K7dVXY_Feng_Zhang_life-like_doll_3D_sculptu_2b6713dd-5c50-4569-beb9-bed631d18a1c_0.png	sculptu-21.png
httpss.mj.runmaOn4K7dVXY_Feng_Zhang_life-like_doll_3D_sculptu_2b6713dd-5c50-4569-beb9-bed631d18a1c_1.png	sculptu-22.png
httpss.mj.runmaXFXfTAOxo_33-year-old_Jesus_Central_Christmas__5e1ed1f7-fd8c-4610-a428-1399703a5ddb_1.png	image-083.png
httpss.mj.runmaXFXfTAOxo_33-year-old_Jesus_Central_Christmas__5eab47f0-083a-4113-88d8-1c36b3c4ee4d_0.png	image-084.png
httpss.mj.runmaXFXfTAOxo_33-year-old_Jesus_Central_Christmas__5eab47f0-083a-4113-88d8-1c36b3c4ee4d_3.png	image-085.png
httpss.mj.runmaXFXfTAOxo_33-year-old_Jesus_Central_Christmas__69c834d6-1dfd-4920-ace7-52f29c5388b6_1.png	image-086.png
httpss.mj.runmaXFXfTAOxo_33-year-old_Jesus_Central_Christmas__91d24510-4fbe-42df-9648-7a0dea88c61a_0.png	image-087.png
httpss.mj.runmaXFXfTAOxo_33-year-old_Jesus_Central_Christmas__9b6a3ece-344c-4ba2-af17-e24882afd1b5_0.png	image-088.png
httpss.mj.runmaXFXfTAOxo_33-year-old_Jesus_Central_Christmas__a200e784-fc11-49a1-88a5-bb0efd0157b0_2.png	image-089.png
httpss.mj.runmaXFXfTAOxo_33-year-old_Jesus_Central_Christmas__e72ac3c5-5851-46f7-8d3a-11090afe0290_2.png	image-090.png
httpss.mj.runmaXFXfTAOxo_Away_in_a_Manger_the_sleepingAway_in_0432ac53-e642-4ff9-9ed8-4c1a1f322379_1.png	in-02.png
httpss.mj.runmaXFXfTAOxo_Away_in_a_Manger_the_sleepingAway_in_0432ac53-e642-4ff9-9ed8-4c1a1f322379_3.png	in-03.png
httpss.mj.runMHpikv3x-Sw_Mary_Hesse_life-like_doll_3D_sculptu_e9057704-da2b-462a-96d0-613561026e37_1.png	sculptu-23.png
httpss.mj.runmM1t0KYN8zo_Saul_Bass_life-like_doll_3D_sculptur_0a6d0e2c-62e2-40c0-8e89-ce69e626e5d3_1.png	sculptur-13.png
httpss.mj.runmMAYE1URGA0_production_still_headshot_of_michael_c48a6223-9173-47d8-97da-b4ef09e268aa_0.png	michael-01.png
httpss.mj.runmMAYE1URGA0_production_still_headshot_of_michael_eaf3cf58-1e5b-45c0-b9df-0822cbdffaa5_1.png	michael-02.png
httpss.mj.runMpcJ0YE3q68_Otakar_Borvka_life-like_doll_3D_scul_9cc4066e-7db9-46a7-9dc2-c01872641586_1.png	scul-46.png
httpss.mj.runMQGMYMwfpnM_Armi_Ratia_life-like_doll_3D_sculptu_a84c7328-7971-4993-8365-02b52d8cae72_2.png	sculptu-24.png
httpss.mj.runMQGMYMwfpnM_Armi_Ratia_life-like_doll_3D_sculptu_ecd606c2-1e8d-4611-9bfe-83f956098ea7_2.png	sculptu-25.png
httpss.mj.runMZ-j1tVRiZU_Ida_B._Wells_life-like_doll_3D_sculp_3ab317ee-7ec1-4b5c-bc4d-68ac11952515_1.png	b-wells-life-like-doll-3d-sculp-01.png
httpss.mj.runMZ-j1tVRiZU_Ida_B._Wells_life-like_doll_3D_sculp_3ab317ee-7ec1-4b5c-bc4d-68ac11952515_2.png	b-wells-life-like-doll-3d-sculp-02.png
httpss.mj.runMZ-j1tVRiZU_Ida_B._Wells_life-like_doll_3D_sculp_b9a1ed2c-d27d-4f87-8f60-8ce65c5a819a_3.png	b-wells-life-like-doll-3d-sculp-03.png
httpss.mj.runN1SPrGK1RMY_Theodor_Escherich_circa_1885_German-_2c02cc98-d367-4147-8dac-dfe8b3103b21_0.png	german-01.png
httpss.mj.runN1SPrGK1RMY_Theodor_Escherich_circa_1885_German-_2c02cc98-d367-4147-8dac-dfe8b3103b21_3.png	german-02.png
httpss.mj.runN1SPrGK1RMY_Theodor_Escherich_circa_1885_German-_5c9dece8-3467-45d5-9b4d-d97b6a842163_0.png	german-03.png
httpss.mj.runN1SPrGK1RMY_Theodor_Escherich_circa_1885_German-_5c9dece8-3467-45d5-9b4d-d97b6a842163_1.png	german-04.png
httpss.mj.runN1SPrGK1RMY_Theodor_Escherich_circa_1885_German-_b42a8ed7-6181-4a22-af7f-832358472753_0.png	german-05.png
httpss.mj.runN3AsR46JzJg_Alfred_Marshall_life-like_doll_3D_sc_82b974d0-02a8-41c5-9865-5328a572427a_1.png	sc-54.png
httpss.mj.runN3AsR46JzJg_Alfred_Marshall_life-like_doll_3D_sc_82b974d0-02a8-41c5-9865-5328a572427a_2.png	sc-55.png
httpss.mj.runN7_Sj-KHv6s_Christiaan_Huygens_life-like_doll_3D_5cb2f2a1-e651-4464-8a6d-83d1842c64fa_0.png	3d-16.png
httpss.mj.runN7_Sj-KHv6s_Christiaan_Huygens_life-like_doll_3D_5cb2f2a1-e651-4464-8a6d-83d1842c64fa_3.png	3d-17.png
httpss.mj.runNhd2aadTN4Y_soulful_black-and-white_vintage_phot_cd29e18f-f2b4-4ca5-8503-ec7d11de4162_1.png	phot.png
httpss.mj.runNpRqponUyHA_Fischer_Black_life-like_doll_3D_scul_56fd257d-390d-4990-9f7c-3c733a3e03de_0.png	scul-47.png
httpss.mj.runNpRqponUyHA_Fischer_Black_life-like_doll_3D_scul_56fd257d-390d-4990-9f7c-3c733a3e03de_3.png	scul-48.png
httpss.mj.runNpRqponUyHA_Fischer_Black_life-like_doll_3D_scul_fcd8a989-9dce-40ce-8e6d-9a0be85fc271_1.png	scul-49.png
httpss.mj.runNtuE_IQXQj4_black_and_white_photo_of_h._spearman_60d35c76-565b-40c8-855f-726dd7162aba_2.png	h-spearman.png
httpss.mj.runNuAij6KwemY_Eileen_Gray_life-like_doll_3D_sculpt_4261d079-cee2-4f31-b5b4-808eb44dd338_0.png	sculpt-39.png
httpss.mj.runNuAij6KwemY_Eileen_Gray_life-like_doll_3D_sculpt_d71ec0b5-ebff-444d-96e5-bbacc3129b45_1.png	sculpt-40.png
httpss.mj.runnuY2RMglyu0_27-year-old_Georgia_OKeeffe_1887_Ame_c770282f-480c-4eaa-83a0-07916f8c74f2_1.png	ame-01.png
httpss.mj.runnuY2RMglyu0_27-year-old_Georgia_OKeeffe_1887_Ame_c770282f-480c-4eaa-83a0-07916f8c74f2_2.png	ame-02.png
httpss.mj.runO1Kb3K38JJI_Janet_Emig_life-like_doll_3D_sculptu_f69f5e0b-ba14-45af-b337-bbc18f3cf136_3.png	sculptu-26.png
httpss.mj.runo1LmWtSNw8c_Sojourner_Truth_life-like_doll_3D_sc_0d1a4695-ff61-427f-bb88-32bbb58f5e41_0.png	sc-56.png
httpss.mj.runo1LmWtSNw8c_Sojourner_Truth_life-like_doll_3D_sc_1e8b1578-f26b-480d-a1e7-d33adae6eaee_0.png	sc-57.png
httpss.mj.runo6OXlF6hmWs_Elinor_Ostrom_life-like_doll_3D_scul_0fa49a4f-4335-428a-98ba-fc7f2b99b49c_1.png	scul-50.png
httpss.mj.runo6OXlF6hmWs_Elinor_Ostrom_life-like_doll_3D_scul_0fa49a4f-4335-428a-98ba-fc7f2b99b49c_3.png	scul-51.png
httpss.mj.runO7ntC9cCf5s_Florence_Nightingale_David_life-like_acf58648-6076-4fdd-94bb-687c60c7e45d_0.png	life-like-02.png
httpss.mj.runo7NTgtbZN4M_full-body_character_design_of_an_old_9c693e82-1a9e-478b-b739-d622219f432e_0.png	old-02.png
httpss.mj.runobNAH6KUfd0_Prasanta_Chandra_Mahalanobis_life-li_3d2b3965-9d4c-4092-b863-9540a8a906b6_2.png	life-li-01.png
httpss.mj.runobNAH6KUfd0_Prasanta_Chandra_Mahalanobis_life-li_3d2b3965-9d4c-4092-b863-9540a8a906b6_3.png	life-li-02.png
httpss.mj.runobNAH6KUfd0_Prasanta_Chandra_Mahalanobis_life-li_e4def484-3c02-41f4-b3f7-f85ceb05581c_2.png	life-li-03.png
httpss.mj.runOdo2jfgQgsI_Archimedes_life-like_doll_3D_sculptu_878787ee-4671-47c6-a5b5-902db802c1c1_0.png	sculptu-27.png
httpss.mj.runOdo2jfgQgsI_Archimedes_life-like_doll_3D_sculptu_878787ee-4671-47c6-a5b5-902db802c1c1_1.png	sculptu-28.png
httpss.mj.runOdo2jfgQgsI_Archimedes_life-like_doll_3D_sculptu_e14885ad-5f2d-4cb0-8824-0d7ca763e679_1.png	sculptu-29.png
httpss.mj.runOdo2jfgQgsI_Archimedes_life-like_doll_3D_sculptu_e14885ad-5f2d-4cb0-8824-0d7ca763e679_3.png	sculptu-30.png
httpss.mj.runOe0EpGhyf9w_Ronald_Fisher_life-like_doll_3D_scul_af2694dd-4b36-4565-b2cd-5ef8556a9314_0.png	scul-52.png
httpss.mj.runOe0EpGhyf9w_Ronald_Fisher_life-like_doll_3D_scul_af2694dd-4b36-4565-b2cd-5ef8556a9314_1.png	scul-53.png
httpss.mj.runOe0EpGhyf9w_Ronald_Fisher_life-like_doll_3D_scul_af2694dd-4b36-4565-b2cd-5ef8556a9314_3.png	scul-54.png
httpss.mj.runOe0EpGhyf9w_Ronald_Fisher_life-like_doll_3D_scul_d991ed68-b093-40cd-a5e0-b3836157b40e_0.png	scul-55.png
httpss.mj.runOe0EpGhyf9w_Ronald_Fisher_life-like_doll_3D_scul_d991ed68-b093-40cd-a5e0-b3836157b40e_2.png	scul-56.png
httpss.mj.runOmlRboukDo0_wooden_robot_with_an_orange_headband_11c3b8ad-3f87-4c6d-88fb-fc405c61e28d_3.png	headband.png
httpss.mj.runOpbKItgAP2o_Jocelyn_Bell_Burnell_life-like_doll__8542581a-f99e-4766-8921-408610ddbf93_2.png	image-091.png
httpss.mj.runOrgNSFkUO4M_Friedrich_August_Kekul_life-like_dol_7f650aa8-cfad-46ee-b052-948a18e0c949_0.png	dol-06.png
httpss.mj.runOrgNSFkUO4M_Friedrich_August_Kekul_life-like_dol_7f650aa8-cfad-46ee-b052-948a18e0c949_3.png	dol-07.png
httpss.mj.runOrgNSFkUO4M_Friedrich_August_Kekul_life-like_dol_941cc8c0-7998-4c6a-acad-48b34d63e80c_0.png	dol-08.png
httpss.mj.runOrgNSFkUO4M_Friedrich_August_Kekul_life-like_dol_f59605ec-445a-4c27-a878-94c0b0039f4f_1.png	dol-09.png
httpss.mj.runOrgNSFkUO4M_Friedrich_August_Kekul_life-like_dol_f59605ec-445a-4c27-a878-94c0b0039f4f_2.png	dol-10.png
httpss.mj.runoTBwV7pM9XQ_Black_and_white_photography_Barack_O_73444548-a186-44c9-a32c-3494da183ae5_3.png	o-03.png
httpss.mj.runoTBwV7pM9XQ_Black_and_white_photography_Barack_O_f51d5900-db6b-4219-8af7-56dbfe4f1ba5_1.png	o-04.png
httpss.mj.runowNd7Qndh44_Hans_Bethe_life-like_doll_3D_sculptu_743aa2ae-9240-4833-b114-19624128e2b3_1.png	sculptu-31.png
httpss.mj.runowNd7Qndh44_Hans_Bethe_life-like_doll_3D_sculptu_743aa2ae-9240-4833-b114-19624128e2b3_2.png	sculptu-32.png
httpss.mj.runowNd7Qndh44_Hans_Bethe_life-like_doll_3D_sculptu_b895d0c2-abdf-4ccf-84ea-680fd884d4a7_2.png	sculptu-33.png
httpss.mj.runoXmlGfXBlcE_Eric_Hoffer_life-like_doll_3D_sculpt_a72c8cdd-efec-450c-8e8a-815a50186718_2.png	sculpt-41.png
httpss.mj.runoXmlGfXBlcE_Eric_Hoffer_life-like_doll_3D_sculpt_b28df292-07ac-4a51-9ba0-5c3c09e4a847_3.png	sculpt-42.png
httpss.mj.runp0MvrtYNhw8_Margaret_Bourke-White_life-like_doll_27d387fe-b469-4e6b-824a-b9c6ede5a22c_1.png	doll-12.png
httpss.mj.runP2ZJol0jDNs_portrait_of_two_african_american_men_25194efd-518f-4894-b3d6-a6dbfdaffee0_1.png	men-01.png
httpss.mj.runP2ZJol0jDNs_portrait_of_two_african_american_men_25194efd-518f-4894-b3d6-a6dbfdaffee0_3.png	men-02.png
httpss.mj.runP6G_6K4CKLc_extreme_close_up_macro_shot._Pinocch_47063c27-6648-435d-82f0-c6ff527ebaa2_2.png	shot-pinocch.png
httpss.mj.runpd-Vh3mYWeI_Carmen_Reinhart_life-like_doll_3D_sc_49357d5d-c60d-4cb3-828f-b15bc2002c5d_2.png	sc-58.png
httpss.mj.runpHLFb8dvW3Q_black_and_white_photo_of_biggie_smal_638aff77-731b-4666-b8ea-07356fa57a21_3.png	smal.png
httpss.mj.runPkCLwc0QwgY_Eli_Heckscher_life-like_doll_3D_scul_329529c8-1e54-4a47-b2a7-804b12a87716_0.png	scul-57.png
httpss.mj.runPkCLwc0QwgY_Eli_Heckscher_life-like_doll_3D_scul_329529c8-1e54-4a47-b2a7-804b12a87716_2.png	scul-58.png
httpss.mj.runPkCLwc0QwgY_Eli_Heckscher_life-like_doll_3D_scul_5f5c4686-58a1-42d0-9c75-23669f02d9c6_2.png	scul-59.png
httpss.mj.runPL8es-ZloZs_Slow_push-in_on_the_waiting_room_doo_52de0ff3-cfda-412c-9ac1-5cc8c9924347_0.png	doo-03.png
httpss.mj.runPL8es-ZloZs_Slow_push-in_on_the_waiting_room_doo_b2f50bee-1f42-4ed9-bc3d-772e34548ec4_2.png	doo-04.png
httpss.mj.runPL8es-ZloZs_Slow_push-in_on_the_waiting_room_doo_e933b69d-88ff-4e1d-8de2-7facbdf57865_3.png	doo-05.png
httpss.mj.runPL8es-ZloZs_Slow_push-in_on_the_waiting_room_doo_f47907b3-35fc-44dc-a8a4-7cc6cbf1a7f3_1.png	doo-06.png
httpss.mj.runPpOldyNoXyg_Kenneth_Arrow_life-like_doll_3D_scul_40608e14-817d-47c1-a660-0a294e194ad7_2.png	scul-60.png
httpss.mj.runPpOldyNoXyg_Kenneth_Arrow_life-like_doll_3D_scul_eb20da73-796a-40cb-8fe8-8c4e7d0de0be_0.png	scul-61.png
httpss.mj.runPpOldyNoXyg_Kenneth_Arrow_life-like_doll_3D_scul_eb20da73-796a-40cb-8fe8-8c4e7d0de0be_3.png	scul-62.png
httpss.mj.runPu2d1yRC4G0_Earl_Wilbur_Sutherland_Jr._life-like_cf231cd4-aa79-43e1-943d-e3bc7f850943_2.png	jr-life-like-06.png
httpss.mj.runpvQiIinqfQA_Frank_Sander_life-like_doll_3D_sculp_c273ba9d-e051-4b00-9483-1632956ff5ad_1.png	sculp-48.png
httpss.mj.runPwBl6_Vqb98_Paul_Dirac__minimalist_vector_illust_87a3bc1f-97cb-48af-90c8-7f8218ba6155_2.png	illust-03.png
httpss.mj.runQ8iEvVvPJC0_Mary_Eleanor_Spear_life-like_doll_3D_0d9073dd-9ef3-496d-b75d-6e261018f6e3_2.png	3d-18.png
httpss.mj.runQ8iEvVvPJC0_Mary_Eleanor_Spear_life-like_doll_3D_87bc9bdf-c5eb-48e1-982a-40f41e933351_1.png	3d-19.png
httpss.mj.runQ8iEvVvPJC0_Mary_Eleanor_Spear_life-like_doll_3D_a0239f79-b9e6-48ed-8c03-ab009ce9676b_0.png	3d-20.png
httpss.mj.runQ8iEvVvPJC0_Mary_Eleanor_Spear_life-like_doll_3D_a0239f79-b9e6-48ed-8c03-ab009ce9676b_3.png	3d-21.png
httpss.mj.runqdGRR5pChQQ_Mark_Twain_life-like_doll_3D_sculptu_2e92372b-6b83-4af4-a3e4-480c3b68723b_0.png	sculptu-34.png
httpss.mj.runqdGRR5pChQQ_Mark_Twain_life-like_doll_3D_sculptu_2e92372b-6b83-4af4-a3e4-480c3b68723b_2.png	sculptu-35.png
httpss.mj.runqdGRR5pChQQ_Mark_Twain_life-like_doll_3D_sculptu_9aeff93c-fc68-4080-af10-7eb317121462_0.png	sculptu-36.png
httpss.mj.runqdGRR5pChQQ_Mark_Twain_life-like_doll_3D_sculptu_9aeff93c-fc68-4080-af10-7eb317121462_2.png	sculptu-37.png
httpss.mj.runqdGRR5pChQQ_Mark_Twain_life-like_doll_3D_sculptu_9aeff93c-fc68-4080-af10-7eb317121462_3.png	sculptu-38.png
httpss.mj.runqdGRR5pChQQ_Mark_Twain_life-like_doll_3D_sculptu_c70859a6-dd32-407f-a86d-9c048a88adc8_1.png	sculptu-39.png
httpss.mj.runQJ6NRsTGogY_sketch_of_a_muscular_man_with_a_buzz_4ffd41fd-f97c-4b4d-b848-ce9d56d06d56_2.png	buzz.png
httpss.mj.runQjJHUGbiSMc_Sophie_Germain_life-like_doll_3D_scu_b55a98c5-9c4c-4e4c-905d-ff35a2f8322f_1.png	scu-40.png
httpss.mj.runQjJHUGbiSMc_Sophie_Germain_life-like_doll_3D_scu_b55a98c5-9c4c-4e4c-905d-ff35a2f8322f_3.png	scu-41.png
httpss.mj.runQO7M45oBDpg_Tibbers_close_up_of_a_scary_looking__b32e6b3b-ff50-44b8-82f6-d670c860928a_2.png	image-092.png
httpss.mj.runQO7M45oBDpg_Tibbers_close_up_of_a_scary_looking__b9ace716-53a6-4c12-821e-b7c93e207e00_0.png	image-093.png
httpss.mj.runQO7M45oBDpg_Tibbers_close_up_of_a_scary_looking__f6a40072-131b-4023-b036-6f428e33552b_1.png	image-094.png
httpss.mj.runqrUVCa-ALhI_black_and_white_photograph_of_james__227f0f99-0550-4efd-988d-6dae4d8c5472_0.png	image-095.png
httpss.mj.runqrUVCa-ALhI_black_and_white_photograph_of_james__be7c2a6a-5d14-4b8b-8e28-0d93afddad2e_0.png	image-096.png
httpss.mj.runQrxz2dIljJI_Frank_Wilcoxon_life-like_doll_3D_scu_1c8272a5-cb66-4e5e-b6bd-d9d3d8987471_0.png	scu-42.png
httpss.mj.runQrxz2dIljJI_Frank_Wilcoxon_life-like_doll_3D_scu_cf9554f7-1e7a-47db-8eb5-20870632f5dc_2.png	scu-43.png
httpss.mj.runQsFegTFkDK8_Edward_Said_circa_1978_Palestinian_A_21ec268e-ccde-4baa-9bc6-ccb8ea3300fe_0.png	image-097.png
httpss.mj.runQsFegTFkDK8_Edward_Said_circa_1978_Palestinian_A_f120a2a7-de6a-4bc8-b873-6012137e7142_2.png	image-098.png
httpss.mj.runQsFegTFkDK8_Edward_Said_circa_1978_Palestinian_A_f120a2a7-de6a-4bc8-b873-6012137e7142_3.png	image-099.png
httpss.mj.runquTIAPnoNog_black_and_white_photograph_of_the_si_010d65bb-ecb8-4566-a9bc-338882f2697a_0.png	si-01.png
httpss.mj.runquTIAPnoNog_black_and_white_photograph_of_the_si_c0e7d8c4-12a4-4bc7-8091-311ad9d86c77_0.png	si-02.png
httpss.mj.runQvZfi2HmEIE_Eugene_M._Shoemaker_life-like_doll_3_3c33434a-656e-43a6-b5ec-a5fb72820ed0_0.png	m-shoemaker-life-like-doll-3-01.png
httpss.mj.runQvZfi2HmEIE_Eugene_M._Shoemaker_life-like_doll_3_3c33434a-656e-43a6-b5ec-a5fb72820ed0_1.png	m-shoemaker-life-like-doll-3-02.png
httpss.mj.runQvZfi2HmEIE_Eugene_M._Shoemaker_life-like_doll_3_bbf9f605-0ebe-4928-88ea-31afcf24b5d4_0.png	m-shoemaker-life-like-doll-3-03.png
httpss.mj.runQvZfi2HmEIE_Eugene_M._Shoemaker_life-like_doll_3_bbf9f605-0ebe-4928-88ea-31afcf24b5d4_1.png	m-shoemaker-life-like-doll-3-04.png
httpss.mj.runqy1u2XuliU8_Arlie_Russell_Hochschild_life-like_d_2cfa5ca4-4cd3-418d-a351-453e85c005db_2.png	d-01.png
httpss.mj.runqy1u2XuliU8_Arlie_Russell_Hochschild_life-like_d_2cfa5ca4-4cd3-418d-a351-453e85c005db_3.png	d-02.png
httpss.mj.runQYJ7IUiJAIQ_black_and_white_photograph_of_bob_ma_547a8b4a-6f2e-4b65-b74c-4ff9260af017_2.png	ma-01.png
httpss.mj.runQYJ7IUiJAIQ_black_and_white_photograph_of_bob_ma_a2796c95-3dbb-4abf-acb6-b5c61425c2db_0.png	ma-02.png
httpss.mj.runQYJ7IUiJAIQ_black_and_white_photograph_of_bob_ma_a733f7c0-98d3-471e-a5cc-5e4fd7cb1232_2.png	ma-03.png
httpss.mj.runr-DIpItru2E_Slow_push-in_on_the_waiting_room_doo_0f429dbd-e81f-49a4-8ad3-2a879651b66b_3.png	doo-07.png
httpss.mj.runr-DIpItru2E_Slow_push-in_on_the_waiting_room_doo_c702ef72-a0e7-49ed-8307-18c13c33a849_0.png	doo-08.png
httpss.mj.runR2d1YCtBQAo_Antoine_Lavoisier_life-like_doll_3D__149c600f-370b-442a-bbe2-aeb77094fd6b_1.png	image-100.png
httpss.mj.runR2d1YCtBQAo_Antoine_Lavoisier_life-like_doll_3D__36fbc0c4-cbbc-4fef-84b9-22a8945d0d03_2.png	image-101.png
httpss.mj.runR2d1YCtBQAo_Antoine_Lavoisier_life-like_doll_3D__d3b4461f-7987-43e7-a9fe-f63a112e598c_1.png	image-102.png
httpss.mj.runR2d1YCtBQAo_Antoine_Lavoisier_life-like_doll_3D__d3b4461f-7987-43e7-a9fe-f63a112e598c_2.png	image-103.png
httpss.mj.runr2Qgu2AnKGk_handsome_black_man_with_short_hair_a_0a9273d6-600c-41df-9504-58183dc62d2d_0.png	image-104.png
httpss.mj.runr2Qgu2AnKGk_handsome_black_man_with_short_hair_a_0b2a1395-e0a6-451b-abc9-8a5bc921e891_0.png	image-105.png
httpss.mj.runr2Qgu2AnKGk_handsome_black_man_with_short_hair_a_aaa5de25-054a-4ca0-b334-12205c7b3cc9_0.png	image-106.png
httpss.mj.runr2Qgu2AnKGk_handsome_black_man_with_short_hair_a_aaa5de25-054a-4ca0-b334-12205c7b3cc9_1.png	image-107.png
httpss.mj.runR4PxOZFCE0Q_u.s._civil_rights_movement._mixed-ra_1c533cb9-28c3-455c-a9fa-c1cc042ebd53_2.png	u-s-civil-rights-movement-mixed-ra-01.png
httpss.mj.runR4PxOZFCE0Q_u.s._civil_rights_movement._mixed-ra_44897074-3e3a-4929-9e8d-7b906193ff3b_0.png	u-s-civil-rights-movement-mixed-ra-02.png
httpss.mj.runrnuIcou0hGs_black-and-white_photograph_of_two_af_07a81d67-a381-4d1e-83b0-a1c4e5d99650_0.png	af-01.png
httpss.mj.runrnuIcou0hGs_black-and-white_photograph_of_two_af_10a6125f-44c4-4e3f-b1ba-cc5f77eca392_0.png	af-02.png
httpss.mj.runrnuIcou0hGs_black-and-white_photograph_of_two_af_2962f7bc-1016-48f2-9a0d-169c491acfe9_0.png	af-03.png
httpss.mj.runrrJi4h8VD7w_Elmer_Imes_life-like_doll_3D_sculptu_35caeb72-bf15-4d54-9639-207884a0bd9e_0.png	sculptu-40.png
httpss.mj.runs_3QFfW7ab0_George_Plya_life-like_doll_3D_sculpt_3790ded0-ceef-4d4e-a3c7-96547f74358f_0.png	sculpt-43.png
httpss.mj.runs_3QFfW7ab0_George_Plya_life-like_doll_3D_sculpt_d84d989b-be28-45c9-b699-f5c871cdf53e_0.png	sculpt-44.png
httpss.mj.runs_3QFfW7ab0_George_Plya_life-like_doll_3D_sculpt_d84d989b-be28-45c9-b699-f5c871cdf53e_2.png	sculpt-45.png
httpss.mj.runscnrm-mx_Pk_coming_from_a_computer_chip_labeled__13546793-620e-4743-8975-dc81560aaeae_3.png	image-108.png
httpss.mj.runscnrm-mx_Pk_coming_from_a_computer_chip_labeled__b9a5f29b-269c-4ac8-b006-f956592e65e0_3.png	image-109.png
httpss.mj.runSeO7zn9xEwA_Alison_Gopnik_life-like_doll_3D_scul_8fcaa2dc-cddf-4d1b-aae3-c9ca7fb94af8_1.png	scul-63.png
httpss.mj.runSeO7zn9xEwA_Alison_Gopnik_life-like_doll_3D_scul_8fcaa2dc-cddf-4d1b-aae3-c9ca7fb94af8_2.png	scul-64.png
httpss.mj.runSGo9Zux8LMs_black_and_white_photograph_Biblical__0908e31e-c828-4d40-9d55-96d48dd9d4c3_1.png	image-110.png
httpss.mj.runSGo9Zux8LMs_black_and_white_photograph_Biblical__949c1b42-d04a-499e-bc5a-5e35606188dd_0.png	image-111.png
httpss.mj.runSGo9Zux8LMs_black_and_white_photograph_Biblical__949c1b42-d04a-499e-bc5a-5e35606188dd_2.png	image-112.png
httpss.mj.runSGo9Zux8LMs_black_and_white_photograph_Biblical__a25b8057-a08b-4bcb-aef4-0f9391463494_0.png	image-113.png
httpss.mj.runSHfnHODQ5Jw_black-and-white_photograph_of_a_blac_cb0850e0-ceca-48fc-8a3d-832e9cd4591e_2.png	blac.png
httpss.mj.runshvYGTKGDsA_SuperWoman_27-year-old_woman_superhu_8f3caa94-ce37-491b-9e44-f01a5ea8b4e0_1.png	superhu-01.png
httpss.mj.runSmd7DLafvok_handsome_buzz-cut_male_model_an_attr_8acbf057-b0d0-42d0-800d-e6c3ad3ac911_0.png	attr-01.png
httpss.mj.runSmd7DLafvok_handsome_buzz-cut_male_model_an_attr_e725face-7211-4fe1-9def-d897435b34e2_0.png	attr-02.png
httpss.mj.runSOHx2GD0eS8_Arthur_Pigou_life-like_doll_3D_sculp_bd15537d-359e-42ff-a7db-8020a10b4f6e_0.png	sculp-49.png
httpss.mj.runSOHx2GD0eS8_Arthur_Pigou_life-like_doll_3D_sculp_bd15537d-359e-42ff-a7db-8020a10b4f6e_1.png	sculp-50.png
httpss.mj.runSOHx2GD0eS8_Arthur_Pigou_life-like_doll_3D_sculp_dc8c951c-ef13-4e0a-b0aa-b82dd8747c9b_1.png	sculp-51.png
httpss.mj.runSOq4bpvwaCM_Godfrey_Hounsfield_life-like_doll_3D_1efd8e18-f377-41df-a661-e8abef56d4ab_0.png	3d-22.png
httpss.mj.runSOq4bpvwaCM_Godfrey_Hounsfield_life-like_doll_3D_1efd8e18-f377-41df-a661-e8abef56d4ab_1.png	3d-23.png
httpss.mj.runSOq4bpvwaCM_Godfrey_Hounsfield_life-like_doll_3D_2cf5f08b-e80c-4e20-89f9-d46ac1ec6935_0.png	3d-24.png
httpss.mj.runSOq4bpvwaCM_Godfrey_Hounsfield_life-like_doll_3D_2cf5f08b-e80c-4e20-89f9-d46ac1ec6935_1.png	3d-25.png
httpss.mj.runsQvSR_b3C5s_Erich_Hckel_life-like_doll_3D_sculpt_73811968-70cc-4864-9f87-d663030cdaf2_1.png	sculpt-46.png
httpss.mj.runsQvSR_b3C5s_Erich_Hckel_life-like_doll_3D_sculpt_c62bcb55-8873-4a4d-9054-a2d7afe4eba5_0.png	sculpt-47.png
httpss.mj.runsQvSR_b3C5s_Erich_Hckel_life-like_doll_3D_sculpt_c62bcb55-8873-4a4d-9054-a2d7afe4eba5_1.png	sculpt-48.png
httpss.mj.runST469gwxgCs_Frank_Benford_life-like_doll_3D_scul_3d887b78-18ce-426c-aa4a-84fdddf86553_1.png	scul-65.png
httpss.mj.runST469gwxgCs_Frank_Benford_life-like_doll_3D_scul_6060aca1-bfea-4328-abf6-6ece80c95e20_0.png	scul-66.png
httpss.mj.runST469gwxgCs_Frank_Benford_life-like_doll_3D_scul_6060aca1-bfea-4328-abf6-6ece80c95e20_1.png	scul-67.png
httpss.mj.runST469gwxgCs_Frank_Benford_life-like_doll_3D_scul_6060aca1-bfea-4328-abf6-6ece80c95e20_3.png	scul-68.png
httpss.mj.runST469gwxgCs_Frank_Benford_life-like_doll_3D_scul_79259d23-0308-487c-abe4-4e04a35091e4_2.png	scul-69.png
httpss.mj.runST469gwxgCs_Frank_Benford_life-like_doll_3D_scul_faffebed-5e7e-418e-a9f1-3c5ec82c3b77_2.png	scul-70.png
httpss.mj.runsUYOmrdOGu8_Daniel_Bernoulli_life-like_doll_3D_s_19bf616f-93c9-4312-bb7e-48b28efc247a_2.png	s-35.png
httpss.mj.runsUYOmrdOGu8_Daniel_Bernoulli_life-like_doll_3D_s_4584a95d-09ba-45a2-b82b-70343da33eb6_0.png	s-36.png
httpss.mj.runsUYOmrdOGu8_Daniel_Bernoulli_life-like_doll_3D_s_4584a95d-09ba-45a2-b82b-70343da33eb6_1.png	s-37.png
httpss.mj.runsUYOmrdOGu8_Daniel_Bernoulli_life-like_doll_3D_s_635d5ac1-3a0a-4cfe-a3ae-9fb7d6760448_1.png	s-38.png
httpss.mj.runsUYOmrdOGu8_Daniel_Bernoulli_life-like_doll_3D_s_635d5ac1-3a0a-4cfe-a3ae-9fb7d6760448_3.png	s-39.png
httpss.mj.runsyVFXFtTTYg_Esther_Duflo_life-like_doll_3D_sculp_99d23968-1e8b-4e70-873f-d7ac3505ace7_0.png	sculp-52.png
httpss.mj.runsyVFXFtTTYg_Esther_Duflo_life-like_doll_3D_sculp_99d23968-1e8b-4e70-873f-d7ac3505ace7_1.png	sculp-53.png
httpss.mj.runt4ZWC5XV9iM_Albert_Einstein__minimalist_vector_i_72e92404-1683-4c06-a80c-fa1f4dac71cb_0.png	i-03.png
httpss.mj.runt4ZWC5XV9iM_Albert_Einstein__minimalist_vector_i_b5542f1f-e3ee-42b1-b37a-3fb4d2c6e46c_1.png	i-04.png
httpss.mj.runt7ghdetXsSA_black_and_white_photo_of_jazz_musici_6007d28b-0ba3-4ae9-ae8c-1872733c3809_1.png	musici.png
httpss.mj.runt7iNy9JW6zY_close-up_vintage_black-and-white_pho_00f1ec5b-54c8-43a1-b383-7e3d4be7538e_0.png	pho-01.png
httpss.mj.runt7iNy9JW6zY_close-up_vintage_black-and-white_pho_00f1ec5b-54c8-43a1-b383-7e3d4be7538e_3.png	pho-02.png
httpss.mj.runt7iNy9JW6zY_close-up_vintage_black-and-white_pho_2ef8022c-cf55-45b8-a5df-6b92a3cd6ec0_0.png	pho-03.png
httpss.mj.runT9DYNEMPDjA_black_and_white_portrait_of_an_afric_fa90ec55-dddd-488f-a941-eed9d0119a1d_2.png	afric-02.png
httpss.mj.runtbPbU-ZKnoU_Walter_Bagehot_life-like_doll_3D_scu_636f5724-03ae-458d-a194-d836df02ee3c_0.png	scu-44.png
httpss.mj.runtbPbU-ZKnoU_Walter_Bagehot_life-like_doll_3D_scu_97f3c7c1-b660-40c4-b724-aa3728c7d710_1.png	scu-45.png
httpss.mj.runtCmQykL61SQ_Maurice_Merleau-Ponty_life-like_doll_9e19c904-2772-42e5-8b9a-876521da046e_1.png	doll-13.png
httpss.mj.runtCmQykL61SQ_Maurice_Merleau-Ponty_life-like_doll_9f0cff35-7b27-476c-8a14-af03cabd9c6b_0.png	doll-14.png
httpss.mj.runTEJlbFhTqgg_Alfred_G._Knudson_life-like_doll_3D__9bae838c-0ca0-4d4a-a544-fd3db35af244_0.png	g-knudson-life-like-doll-3d-01.png
httpss.mj.runTEJlbFhTqgg_Alfred_G._Knudson_life-like_doll_3D__e7590a6f-2b85-488c-8c5f-6f2b901fcba8_2.png	g-knudson-life-like-doll-3d-02.png
httpss.mj.runTMGzI54bvn8_My_name_is_Ozymandias_King_of_Kings__992ec286-3493-4529-a5f9-3efa47006f52_0.png	image-114.png
httpss.mj.runTO5IxpAWOhM_Dennis_Lo_circa_1997_Hong_Kong_chemi_182db7e7-81c9-441e-937f-0eeb1022f9d3_0.png	chemi-01.png
httpss.mj.runTO5IxpAWOhM_Dennis_Lo_circa_1997_Hong_Kong_chemi_8cab549a-ff1a-42f8-99c5-916102ad9f99_1.png	chemi-02.png
httpss.mj.runtoMtL1VuM60_The_frame_shows_young_singer_in_his__5330dd5f-5d12-4939-b573-ba00d968492b_0.png	image-115.png
httpss.mj.runtoMtL1VuM60_The_frame_shows_young_singer_in_his__9e46901f-92cc-49b1-bc1e-0e15c3d2be80_0.png	image-116.png
httpss.mj.runtoMtL1VuM60_The_frame_shows_young_singer_in_his__9e46901f-92cc-49b1-bc1e-0e15c3d2be80_1.png	image-117.png
httpss.mj.runtoMtL1VuM60_The_frame_shows_young_singer_in_his__9e46901f-92cc-49b1-bc1e-0e15c3d2be80_2.png	image-118.png
httpss.mj.runtoMtL1VuM60_The_frame_shows_young_singer_in_his__9e46901f-92cc-49b1-bc1e-0e15c3d2be80_3.png	image-119.png
httpss.mj.runtoMtL1VuM60_The_frame_shows_young_singer_in_his__a4436c29-0594-4155-8bc9-8e189c5825d7_0.png	image-120.png
httpss.mj.runtoMtL1VuM60_The_frame_shows_young_singer_in_his__a4436c29-0594-4155-8bc9-8e189c5825d7_1.png	image-121.png
httpss.mj.runtoMtL1VuM60_The_frame_shows_young_singer_in_his__a4436c29-0594-4155-8bc9-8e189c5825d7_2.png	image-122.png
httpss.mj.runtoMtL1VuM60_The_frame_shows_young_singer_in_his__a4436c29-0594-4155-8bc9-8e189c5825d7_3.png	image-123.png
httpss.mj.runtoMtL1VuM60_The_frame_shows_young_singer_in_his__db8bbaa2-b2e0-4511-98fa-7ad71a038932_0.png	image-124.png
httpss.mj.runTu1gwtWO8Ic_T.S._Elliot_a_black_and_white_photog_3210b57c-f801-49cf-b7d6-058c9f73491e_0.png	t-s-elliot-a-black-and-white-photog-09.png
httpss.mj.runTu1gwtWO8Ic_T.S._Elliot_a_black_and_white_photog_3210b57c-f801-49cf-b7d6-058c9f73491e_1.png	t-s-elliot-a-black-and-white-photog-10.png
httpss.mj.runTu1gwtWO8Ic_T.S._Elliot_a_black_and_white_photog_3210b57c-f801-49cf-b7d6-058c9f73491e_3.png	t-s-elliot-a-black-and-white-photog-11.png
httpss.mj.runTu1gwtWO8Ic_T.S._Elliot_a_black_and_white_photog_99321ad5-fca7-47af-a01a-bcf844ec8e8a_0.png	t-s-elliot-a-black-and-white-photog-12.png
httpss.mj.runTu1gwtWO8Ic_T.S._Elliot_a_black_and_white_photog_99321ad5-fca7-47af-a01a-bcf844ec8e8a_1.png	t-s-elliot-a-black-and-white-photog-13.png
httpss.mj.runTu1gwtWO8Ic_T.S._Elliot_a_black_and_white_photog_99321ad5-fca7-47af-a01a-bcf844ec8e8a_2.png	t-s-elliot-a-black-and-white-photog-14.png
httpss.mj.runTu1gwtWO8Ic_T.S._Elliot_a_black_and_white_photog_99321ad5-fca7-47af-a01a-bcf844ec8e8a_3.png	t-s-elliot-a-black-and-white-photog-15.png
httpss.mj.runTu1gwtWO8Ic_T.S._Elliot_a_black_and_white_photog_b6432199-990e-450e-aaca-d242bf21f93f_0.png	t-s-elliot-a-black-and-white-photog-16.png
httpss.mj.runtzd4X1gb1Kc_Antoine_Augustin_Cournot_life-like_d_1f249d62-b584-4124-b812-e329b2756c38_0.png	d-03.png
httpss.mj.runtzd4X1gb1Kc_Antoine_Augustin_Cournot_life-like_d_1f249d62-b584-4124-b812-e329b2756c38_3.png	d-04.png
httpss.mj.runu_j8rPQ-xjE_Barbara_Liskov_life-like_doll_3D_scu_dc68f974-bfda-48a1-b0f1-6f4b60feb1e5_0.png	scu-46.png
httpss.mj.runU-kNku0pMuI_Grace_Hopper_1952_American_computer__5394aa78-abf4-40e4-a558-ae9332d4ca2a_0.png	image-125.png
httpss.mj.runU-kNku0pMuI_Grace_Hopper_1952_American_computer__5394aa78-abf4-40e4-a558-ae9332d4ca2a_3.png	image-126.png
httpss.mj.runU-kNku0pMuI_Grace_Hopper_1952_American_computer__8abc865b-fa22-47d6-804c-7d8decff6f7c_2.png	image-127.png
httpss.mj.runU4VsXYKIAao_Gayle_Rubin_life-like_doll_3D_sculpt_c4ebd08c-d004-470f-898c-0c7d29fc5199_1.png	sculpt-49.png
httpss.mj.runu8uVCfTG7YU_Alonzo_Church_life-like_doll_3D_scul_85c26b83-f44f-4537-852f-eae2f54fcd20_0.png	scul-71.png
httpss.mj.runu8uVCfTG7YU_Alonzo_Church_life-like_doll_3D_scul_85c26b83-f44f-4537-852f-eae2f54fcd20_2.png	scul-72.png
httpss.mj.runu8uVCfTG7YU_Alonzo_Church_life-like_doll_3D_scul_9b2885d4-f180-4234-beca-63f17ff62142_0.png	scul-73.png
httpss.mj.runuCuzO0lBzfQ_A_Beautiful_Black_Woman_with_a_Large_aebe04a4-a178-408f-84d5-39499be7778f_1.png	large-01.png
httpss.mj.runuDR0dBWTAW0_Grace_Hopper_life-like_doll_3D_sculp_eedb7c82-d93f-4d32-ba46-2bc911954260_0.png	sculp-54.png
httpss.mj.runuDR0dBWTAW0_Grace_Hopper_life-like_doll_3D_sculp_f5a04c63-1b90-45dd-9241-fb1ae945b877_0.png	sculp-55.png
httpss.mj.runuEYiFiAzNds_Full_body_shot_Testing_educational_h_5885edf0-22d1-400c-b7c7-374e8cb3bc7a_0.png	h-02.png
httpss.mj.runuFvrFhqBmCg_grainy_black-and-white_candid_photo__2533e051-d72e-4508-98b8-d74004532073_2.png	image-128.png
httpss.mj.runuFvrFhqBmCg_grainy_black-and-white_candid_photo__2533e051-d72e-4508-98b8-d74004532073_3.png	image-129.png
httpss.mj.runuFvrFhqBmCg_grainy_black-and-white_candid_photo__6950d854-a627-4af5-9009-6e78b36c668b_0.png	image-130.png
httpss.mj.runuFvrFhqBmCg_grainy_black-and-white_candid_photo__6950d854-a627-4af5-9009-6e78b36c668b_3.png	image-131.png
httpss.mj.runUGD5ZL7XW04_Emmy_Noether_life-like_doll_3D_sculp_978c12d4-2229-4c07-b932-82034ce7b58b_2.png	sculp-56.png
httpss.mj.runUGD5ZL7XW04_Emmy_Noether_life-like_doll_3D_sculp_978c12d4-2229-4c07-b932-82034ce7b58b_3.png	sculp-57.png
httpss.mj.runUGD5ZL7XW04_Emmy_Noether_life-like_doll_3D_sculp_c4f7a928-90fd-4b3b-b826-01d256db5307_2.png	sculp-58.png
httpss.mj.runuiO17tv0FAw_Florence_Sabin_life-like_doll_3D_scu_815414ed-5e37-4817-9b98-c38b8739cc86_0.png	scu-47.png
httpss.mj.runuiO17tv0FAw_Florence_Sabin_life-like_doll_3D_scu_815414ed-5e37-4817-9b98-c38b8739cc86_2.png	scu-48.png
httpss.mj.runuiO17tv0FAw_Florence_Sabin_life-like_doll_3D_scu_c4489d2c-d48b-4633-9f7d-ab2e2f0ec857_2.png	scu-49.png
httpss.mj.runuiZVRVStbQc_Lon_Walras_life-like_doll_3D_sculptu_247c39d7-efcc-482f-9f31-af1ef9347b13_3.png	sculptu-41.png
httpss.mj.runuiZVRVStbQc_Lon_Walras_life-like_doll_3D_sculptu_d1efc15a-de5e-48b4-8c20-ce72a298a5aa_3.png	sculptu-42.png
httpss.mj.runUlEE_nGiy7w_Otto_Diels_life-like_doll_3D_sculptu_0707add9-25a2-40de-a3e3-85d30fa9c809_0.png	sculptu-43.png
httpss.mj.runUlEE_nGiy7w_Otto_Diels_life-like_doll_3D_sculptu_0707add9-25a2-40de-a3e3-85d30fa9c809_3.png	sculptu-44.png
httpss.mj.runUlEE_nGiy7w_Otto_Diels_life-like_doll_3D_sculptu_b6c3486c-bedd-4e0a-aec7-15e01717a910_0.png	sculptu-45.png
httpss.mj.runUlEE_nGiy7w_Otto_Diels_life-like_doll_3D_sculptu_b6c3486c-bedd-4e0a-aec7-15e01717a910_1.png	sculptu-46.png
httpss.mj.runus93crG-F3I_Phoebus_Levene_life-like_doll_3D_scu_aeaca7ed-01f1-42e4-9440-880f64aa6d7c_0.png	scu-50.png
httpss.mj.runus93crG-F3I_Phoebus_Levene_life-like_doll_3D_scu_c18522bc-ff71-471d-8cc0-cd259289c7a8_0.png	scu-51.png
httpss.mj.runus93crG-F3I_Phoebus_Levene_life-like_doll_3D_scu_c18522bc-ff71-471d-8cc0-cd259289c7a8_2.png	scu-52.png
httpss.mj.runuyqMB73iWrE_Woman_with_long_blonde_hair_wearing__ec9d6fe2-bb5e-47d8-b4c1-7b75a372f166_2.png	image-132.png
httpss.mj.runV1Ck7PNjLjk_Emily_M._Bender_life-like_doll_3D_sc_23066b08-05de-4bd4-a1b6-23d019bcf90b_2.png	m-bender-life-like-doll-3d-sc.png
httpss.mj.runv1M98PppuZI_a_beautiful_black_woman_with_a_large_16cada81-9fdd-48a7-bd45-3e530eae5cd2_0.png	large-02.png
httpss.mj.runv7hwr7c3d9M_Harry_Beck_life-like_doll_3D_sculptu_2cc3f5f4-1c12-40a5-9370-75b674007f8f_0.png	sculptu-47.png
httpss.mj.runv7hwr7c3d9M_Harry_Beck_life-like_doll_3D_sculptu_2cc3f5f4-1c12-40a5-9370-75b674007f8f_3.png	sculptu-48.png
httpss.mj.runv7hwr7c3d9M_Harry_Beck_life-like_doll_3D_sculptu_bbfa89f7-ab60-4baf-8725-5c2da2ab008c_3.png	sculptu-49.png
httpss.mj.runvACTuLGBSC0_Susumu_Tonegawa_life-like_doll_3D_sc_6419f98f-2cb2-450e-9f46-287f4f320a78_0.png	sc-59.png
httpss.mj.runVHz_CgKNaqk_Annie_Jump_Cannon_life-like_doll_3D__d37be700-ec9f-4b24-9cc2-fa86e20c5c76_0.png	image-133.png
httpss.mj.runVHz_CgKNaqk_Annie_Jump_Cannon_life-like_doll_3D__d37be700-ec9f-4b24-9cc2-fa86e20c5c76_3.png	image-134.png
httpss.mj.runvjFRzc_-GjY_Arthur_Lapworth_life-like_doll_3D_sc_25173196-437f-4765-9cd9-7400756c4a12_1.png	sc-60.png
httpss.mj.runvjFRzc_-GjY_Arthur_Lapworth_life-like_doll_3D_sc_25173196-437f-4765-9cd9-7400756c4a12_3.png	sc-61.png
httpss.mj.runVjpag8fZtno_close-up_of_dizzy_gillespie_playing__026cd321-1d6d-45ff-9e45-e92c47580fec_0.png	image-135.png
httpss.mj.runVjpag8fZtno_close-up_of_dizzy_gillespie_playing__9565be1d-d8f2-4fa5-8067-fa6613f69d85_2.png	image-136.png
httpss.mj.runvPAEHHtMXcg_Bernard_Lyot_life-like_doll_3D_sculp_07a6cd18-3848-41cf-adca-a9c95dcccf12_0.png	sculp-59.png
httpss.mj.runVqzGOuinkPY_SuperWoman_27-year-old_woman_superhu_6e4ca0ec-9a4b-4e9f-95b8-9b9d7469cc0e_0.png	superhu-02.png
httpss.mj.runVqzGOuinkPY_SuperWoman_27-year-old_woman_superhu_a766cbd5-d845-40c4-bf08-3be26ee3c4ad_1.png	superhu-03.png
httpss.mj.runVqzGOuinkPY_SuperWoman_27-year-old_woman_superhu_da65132a-f510-46e4-8972-e839f74edaff_0.png	superhu-04.png
httpss.mj.runVRrIxNuCd1s_handsome_black_man_with_a_beard_and__b40d96d1-e556-4ee6-91bf-ac1791c1beb5_1.png	image-137.png
httpss.mj.runw_18a9J5HPY_Lawrence_Lessig_life-like_doll_3D_sc_21fab54d-6057-4866-8e80-7376eeca63f3_1.png	sc-62.png
httpss.mj.runw_18a9J5HPY_Lawrence_Lessig_life-like_doll_3D_sc_21fab54d-6057-4866-8e80-7376eeca63f3_3.png	sc-63.png
httpss.mj.runw_18a9J5HPY_Lawrence_Lessig_life-like_doll_3D_sc_d3c13d0a-480d-4a33-b1cf-3bbe87ea7a16_2.png	sc-64.png
httpss.mj.runw8Mx5BBtENE_W._Edwards_Deming_life-like_doll_3D__1e7ca3e2-e813-4ee4-9980-ae6e080e0f59_3.png	w-edwards-deming-life-like-doll-3d-01.png
httpss.mj.runw8Mx5BBtENE_W._Edwards_Deming_life-like_doll_3D__2f760b35-e993-46e5-aae9-d017e3fd529a_1.png	w-edwards-deming-life-like-doll-3d-02.png
httpss.mj.runWaf-jYB1COA_tienne-Jules_Marey_life-like_doll_3D_5a39d921-c269-4ca6-a8e8-1f9e8ca3ca9b_3.png	3d-26.png
httpss.mj.runWaf-jYB1COA_tienne-Jules_Marey_life-like_doll_3D_7702e6b4-aab8-4ea9-af27-acdb6fcd88c6_1.png	3d-27.png
httpss.mj.runWk9yngrqtzk_Alfred_Russel_Wallace_life-like_doll_5b6e443e-dfa7-4213-aac7-b48deb297c7b_1.png	doll-15.png
httpss.mj.runWk9yngrqtzk_Alfred_Russel_Wallace_life-like_doll_755486ea-80c6-456d-bc09-3f02651bcfe8_1.png	doll-16.png
httpss.mj.runWk9yngrqtzk_Alfred_Russel_Wallace_life-like_doll_755486ea-80c6-456d-bc09-3f02651bcfe8_3.png	doll-17.png
httpss.mj.runWk9yngrqtzk_Alfred_Russel_Wallace_life-like_doll_7b94e5b2-c812-4af0-adf3-fd3337ca8f98_1.png	doll-18.png
httpss.mj.runWk9yngrqtzk_Alfred_Russel_Wallace_life-like_doll_7b94e5b2-c812-4af0-adf3-fd3337ca8f98_2.png	doll-19.png
httpss.mj.runWk9yngrqtzk_Alfred_Russel_Wallace_life-like_doll_7b94e5b2-c812-4af0-adf3-fd3337ca8f98_3.png	doll-20.png
httpss.mj.runWMz81Gt1Qfw_black_and_white_photo_of_l_blanchard_5b619300-18da-45eb-8f1e-239e660d41da_0.png	blanchard.png
httpss.mj.runwnzSbVpT-0Y_Galileo_Galilei_life-like_doll_3D_sc_84b5b314-1177-46bf-93b7-fdd3998f974b_3.png	sc-65.png
httpss.mj.runwnzSbVpT-0Y_Galileo_Galilei_life-like_doll_3D_sc_d90fc0ef-e930-412d-a6a8-9d94e5a95655_2.png	sc-66.png
httpss.mj.runWocj2QWutXM_Florence_Nightingale_life-like_doll__50b3e2fc-690c-4c6b-ba36-2d72250a9f64_1.png	image-138.png
httpss.mj.runWocj2QWutXM_Florence_Nightingale_life-like_doll__59d5dd6c-24f4-4fd2-b66b-e68147eb20e7_0.png	image-139.png
httpss.mj.runWocj2QWutXM_Florence_Nightingale_life-like_doll__59d5dd6c-24f4-4fd2-b66b-e68147eb20e7_1.png	image-140.png
httpss.mj.runWocj2QWutXM_Florence_Nightingale_life-like_doll__59d5dd6c-24f4-4fd2-b66b-e68147eb20e7_3.png	image-141.png
httpss.mj.runWOgARTdWp_U_William_James_life-like_doll_3D_scul_28505f11-b268-4c79-abfc-ed53f06e60fe_0.png	scul-74.png
httpss.mj.runWOgARTdWp_U_William_James_life-like_doll_3D_scul_8e72f406-fbc9-4ff7-bfef-d4fc695c22b8_1.png	scul-75.png
httpss.mj.runwSgbKDTwmoM_Rudolf_Flesch_life-like_doll_3D_scul_53486a7e-08f3-44fd-9c05-d0bad57f610b_2.png	scul-76.png
httpss.mj.runwSgbKDTwmoM_Rudolf_Flesch_life-like_doll_3D_scul_903902ce-5184-412c-b32f-0e9f9be68eb4_3.png	scul-77.png
httpss.mj.runwtZZVuMD3Hs_Pierre-Simon_Laplace_life-like_doll__1df637e6-06ba-48f6-b82d-504d68740010_0.png	image-142.png
httpss.mj.runwtZZVuMD3Hs_Pierre-Simon_Laplace_life-like_doll__1df637e6-06ba-48f6-b82d-504d68740010_2.png	image-143.png
httpss.mj.runwtZZVuMD3Hs_Pierre-Simon_Laplace_life-like_doll__d4af1445-129e-4a8a-a773-8138396be138_0.png	image-144.png
httpss.mj.runwtZZVuMD3Hs_Pierre-Simon_Laplace_life-like_doll__d4af1445-129e-4a8a-a773-8138396be138_3.png	image-145.png
httpss.mj.runwUkvs5TDxus_Hyper-realistic_portrait_of_a_33-yea_0a047aa6-6885-491d-a5da-f1fc8224595e_0.png	33-yea-01.png
httpss.mj.runwUkvs5TDxus_Hyper-realistic_portrait_of_a_33-yea_172ed3d5-bda9-419c-ba79-4751f28d96b6_0.png	33-yea-02.png
httpss.mj.runwXubJdZCZqA_Wilhelm_Wundt_life-like_doll_3D_scul_15f3e1b6-ece4-48d5-8a9e-36143768a4bd_0.png	scul-78.png
httpss.mj.runwXubJdZCZqA_Wilhelm_Wundt_life-like_doll_3D_scul_47512a07-6863-4aee-a476-832c8bbcf5a4_0.png	scul-79.png
httpss.mj.runWzfQkZNnLKg_35mm_film_photograph_with_a_dreamy_a_adbf36b5-c482-41f8-8d4c-947951cf0f0a_0.png	image-146.png
httpss.mj.runWzfQkZNnLKg_35mm_film_photograph_with_a_dreamy_a_bbc4a09c-0730-441d-9451-51c387d9003c_0.png	image-147.png
httpss.mj.runxhA7N5CWWKI_simple_lines_and_flat_colors_illustr_a5156616-048a-409b-a1c6-149edbf25e3d_0.png	illustr-04.png
httpss.mj.runxhA7N5CWWKI_simple_lines_and_flat_colors_illustr_a5156616-048a-409b-a1c6-149edbf25e3d_1.png	illustr-05.png
httpss.mj.runXIoKbtnc9kA_Joseph_Babinski_life-like_doll_3D_sc_1ee92bdf-5fdf-4ad4-9a7d-18d0ad9d80a3_2.png	sc-67.png
httpss.mj.runXIoKbtnc9kA_Joseph_Babinski_life-like_doll_3D_sc_f67b35d3-f06a-4e36-b74a-1dcc2471388a_0.png	sc-68.png
httpss.mj.runXIoKbtnc9kA_Joseph_Babinski_life-like_doll_3D_sc_f67b35d3-f06a-4e36-b74a-1dcc2471388a_2.png	sc-69.png
httpss.mj.runxJpnhP5eAok_Mary_Allen_Wilkes_life-like_doll_3D__969fa563-0081-490b-b217-3043989b9ab0_1.png	image-148.png
httpss.mj.runxJpnhP5eAok_Mary_Allen_Wilkes_life-like_doll_3D__969fa563-0081-490b-b217-3043989b9ab0_2.png	image-149.png
httpss.mj.runxJpnhP5eAok_Mary_Allen_Wilkes_life-like_doll_3D__a29d9363-9c04-4ce0-a07f-5d6f71dc582b_2.png	image-150.png
httpss.mj.runXkbmm3goJoY_John_Snow_life-like_doll_3D_sculptur_0303c6d6-1745-4431-a686-b964d180eb09_3.png	sculptur-14.png
httpss.mj.runXkbmm3goJoY_John_Snow_life-like_doll_3D_sculptur_461bbfbe-3fbe-4c96-8581-7ef9de5dff13_0.png	sculptur-15.png
httpss.mj.runXkbmm3goJoY_John_Snow_life-like_doll_3D_sculptur_6dcb2432-3f8f-4627-b1d6-747b7805f976_1.png	sculptur-16.png
httpss.mj.runXkbmm3goJoY_John_Snow_life-like_doll_3D_sculptur_6dcb2432-3f8f-4627-b1d6-747b7805f976_2.png	sculptur-17.png
httpss.mj.runXkbmm3goJoY_John_Snow_life-like_doll_3D_sculptur_db67189d-2ff9-4453-8bef-f205bb16f569_0.png	sculptur-18.png
httpss.mj.runxms0eLiyMO0_Stanley_Schachter_life-like_doll_3D__1f766d0e-540a-4621-8868-ea07ea8ed3ee_0.png	image-151.png
httpss.mj.runxN8ZzB7p_IA_Bart_Bok_life-like_doll_3D_sculpture_630a16db-a10e-43a1-8be2-b3f4e3e7e31f_0.png	sculpture-09.png
httpss.mj.runxpmR6ymwjH0_Archie_Cochrane__life-like_doll_3D_s_07f29642-ff74-4a24-9085-7fa936fe3c69_2.png	s-40.png
httpss.mj.runxpmR6ymwjH0_Archie_Cochrane__life-like_doll_3D_s_8449e738-c585-497e-b6d1-4f190f2a8aea_1.png	s-41.png
httpss.mj.runxpmR6ymwjH0_Archie_Cochrane__life-like_doll_3D_s_a868489b-b4fd-4088-8bd2-7a01e8265939_1.png	s-42.png
httpss.mj.runXtJgGLI0cGY_29-year-old_Grace_Kelly_woman_writin_2fe6c545-8518-4673-b34c-e40482ee54d7_3.png	writin.png
httpss.mj.runXtJgGLI0cGY_woman_writing._she_has_dark_hair_sty_c58ad85f-5f5f-4918-b4dc-6ec8e8ae2608_2.png	writing-she-has-dark-hair-sty.png
httpss.mj.runxuvUMyMaz2w_Allen_Newell_life-like_doll_3D_sculp_bf6d1e9c-43a0-415d-bd16-af1ef665a1d3_0.png	sculp-60.png
httpss.mj.runxuvUMyMaz2w_Allen_Newell_life-like_doll_3D_sculp_bf6d1e9c-43a0-415d-bd16-af1ef665a1d3_3.png	sculp-61.png
httpss.mj.runY-UoUFrKaXM_coming_from_a_computer_chip_labeled__44468ec5-54e5-41c6-95ce-26547e5a5c33_0.png	image-152.png
httpss.mj.runY-UoUFrKaXM_coming_from_a_computer_chip_labeled__5ab2fca9-306a-4c17-87de-223c4e773bdf_2.png	image-153.png
httpss.mj.runY-UoUFrKaXM_coming_from_a_computer_chip_labeled__5ab2fca9-306a-4c17-87de-223c4e773bdf_3.png	image-154.png
httpss.mj.runY-UoUFrKaXM_coming_from_a_computer_chip_labeled__89285e97-a814-4c75-a526-8cbcbaab20ec_1.png	image-155.png
httpss.mj.runY-UoUFrKaXM_coming_from_a_computer_chip_labeled__89285e97-a814-4c75-a526-8cbcbaab20ec_3.png	image-156.png
httpss.mj.runy1_Vb8GsMq4_Heat_Miser_thin_doll_with_flame-red__36b03896-c8e0-43fb-8699-f1f9d849637b_0.png	image-157.png
httpss.mj.runYC-FORfwOts_simple_lines_and_flat_colors_illustr_0320085a-bb96-4acc-8ce5-0a46567944af_0.png	illustr-06.png
httpss.mj.runYC-FORfwOts_simple_lines_and_flat_colors_illustr_0320085a-bb96-4acc-8ce5-0a46567944af_3.png	illustr-07.png
httpss.mj.runYC-FORfwOts_simple_lines_and_flat_colors_illustr_18341286-22e4-4751-b2d5-2609ba2d19a2_1.png	illustr-08.png
httpss.mj.runYC-FORfwOts_simple_lines_and_flat_colors_illustr_7b474b8e-9a8f-4a6c-bf5e-af4bb06119c5_0.png	illustr-09.png
httpss.mj.runYC-FORfwOts_simple_lines_and_flat_colors_illustr_7b474b8e-9a8f-4a6c-bf5e-af4bb06119c5_2.png	illustr-10.png
httpss.mj.runyc8MQpS4Yks_39_Year_Old_Male_Model_Buzz_Cut_Dirt_028bdb8a-08b1-4e55-a4fc-89bc84910d7c_0.png	dirt-01.png
httpss.mj.runyc8MQpS4Yks_39_Year_Old_Male_Model_Buzz_Cut_Dirt_028bdb8a-08b1-4e55-a4fc-89bc84910d7c_2.png	dirt-02.png
httpss.mj.runyc8MQpS4Yks_39_Year_Old_Male_Model_Buzz_Cut_Dirt_84287198-d24c-4cdc-8868-f738be57f2e8_0.png	dirt-03.png
httpss.mj.runydcc1JuqaOE_simple_lines_and_flat_colors_illustr_b41a78ac-5efd-41e0-b1e6-1fadc57cf7f2_3.png	illustr-11.png
httpss.mj.runydcc1JuqaOE_simple_lines_and_flat_colors_illustr_f6d0d4cc-5622-4a20-9085-caa1f69dd838_0.png	illustr-12.png
httpss.mj.runYmOOqqBuJkw_black_and_white_candid_photograph_of_35d5f026-1b11-4dc3-8b29-bb19e70c83a9_0.png	of-02.png
httpss.mj.runYmOOqqBuJkw_black_and_white_candid_photograph_of_a6019e35-c1b4-4c88-a21a-3668e3adea4b_0.png	of-03.png
httpss.mj.runypvWIOR4-No_Willi_Hennig_life-like_doll_3D_sculp_d3b5c8b1-fd3f-4852-a5c1-5097e199082a_0.png	sculp-62.png
httpss.mj.runypvWIOR4-No_Willi_Hennig_life-like_doll_3D_sculp_d3b5c8b1-fd3f-4852-a5c1-5097e199082a_3.png	sculp-63.png
httpss.mj.runyRFimi4XNng_Bayard_Rustin_life-like_doll_3D_scul_4b3ec626-2519-47b1-b16b-71956456f916_0.png	scul-80.png
httpss.mj.runyRFimi4XNng_Bayard_Rustin_life-like_doll_3D_scul_53057bcd-dd08-4c9c-8c42-672a2cc586cd_0.png	scul-81.png
httpss.mj.runyRFimi4XNng_Bayard_Rustin_life-like_doll_3D_scul_f95ca7fd-7958-4a8b-97f3-9b679bb51581_0.png	scul-82.png
httpss.mj.runYs-c2wmVV0w_Frederick_Brooks_life-like_doll_3D_s_e3f28353-391a-4714-be05-0e91bcf2e03f_0.png	s-43.png
httpss.mj.runYs-c2wmVV0w_Frederick_Brooks_life-like_doll_3D_s_e3f28353-391a-4714-be05-0e91bcf2e03f_2.png	s-44.png
httpss.mj.runYU-KM-nkBU4_a_color_photograph_of_the_famous_pai_d46ed8f5-7b63-4227-b5bd-ed7439877e36_3.png	pai.png
httpss.mj.runYwkzzMF2fJ8_Edward_Chamberlin_life-like_doll_3D__246cb3a0-f6ff-4b64-bd1c-fd9cb226d6e5_2.png	image-158.png
httpss.mj.runYwkzzMF2fJ8_Edward_Chamberlin_life-like_doll_3D__6660ce06-7dfc-46b4-8e4e-3cb1e8b50f2c_3.png	image-159.png
httpss.mj.runywtdA74rwig_bell_hooks_life-like_doll_3D_sculptu_011e2d95-b6cc-4888-9aea-cf3cd0170c12_2.png	sculptu-50.png
httpss.mj.runyYfo6r3GClU_Peter_Singer_life-like_doll_3D_sculp_8eea5b2e-7bdb-457d-8d88-dc4fe61579a6_3.png	sculp-64.png
httpss.mj.runyYfo6r3GClU_Peter_Singer_life-like_doll_3D_sculp_d0384d71-f2b0-435f-9024-8b7bb75690aa_0.png	sculp-65.png
httpss.mj.runz4haFxBaolg_Lev_Vygotsky_life-like_doll_3D_sculp_970d3450-f05c-4780-b159-bd2b3188acff_1.png	sculp-66.png
httpss.mj.runz4haFxBaolg_Lev_Vygotsky_life-like_doll_3D_sculp_970d3450-f05c-4780-b159-bd2b3188acff_2.png	sculp-67.png
httpss.mj.runz4haFxBaolg_Lev_Vygotsky_life-like_doll_3D_sculp_effe2641-6978-43fb-9471-ce037d677106_2.png	sculp-68.png
httpss.mj.runz4haFxBaolg_Lev_Vygotsky_life-like_doll_3D_sculp_effe2641-6978-43fb-9471-ce037d677106_3.png	sculp-69.png
httpss.mj.runzd1Cn5gKJis_a_black_and_white_portrait_of_an_ari_22f73d54-418a-4a6b-b9db-50e0fa7aa19f_1.png	ari.png
httpss.mj.runZJgQxhgcmYs_Modern_Santa_figure_in_parka_jacket__1ef83bdc-97e9-41ea-994e-b085bc6a3958_3.png	image-160.png
httpss.mj.runZJgQxhgcmYs_Modern_Santa_figure_in_parka_jacket__bb7c8d79-0695-4654-874c-6968935befc5_0.png	image-161.png
httpss.mj.runZJgQxhgcmYs_Modern_Santa_figure_in_parka_jacket__bb7c8d79-0695-4654-874c-6968935befc5_2.png	image-162.png
httpss.mj.runZrmtYiAtpjU_handsome_black_man_boxer_in_trunks_a_00c50c33-276c-4419-93c5-7e9dd238a8f9_2.png	image-163.png
httpss.mj.runZrmtYiAtpjU_handsome_black_man_boxer_in_trunks_a_23fc76e4-f13c-4af3-ba9f-822a2e5b0266_0.png	image-164.png
httpss.mj.runZrmtYiAtpjU_handsome_black_man_boxer_in_trunks_a_ac7e42a8-68b7-4906-9d21-2883ef15c413_0.png	image-165.png
httpss.mj.runZrmtYiAtpjU_handsome_black_man_boxer_in_trunks_a_f43b3565-38e4-42d9-a873-494e1e58b16b_3.png	image-166.png
httpss.mj.runZrmtYiAtpjU_handsome_black_man_boxer_in_trunks_a_fe1d3c10-7427-43bb-8bdf-03fe09c7a40e_0.png	image-167.png
httpss.mj.runzt8clcL5Pqs_Tibbers_close_up_of_a_scary_looking__a0b84fb3-637b-4fae-a4a0-301421b2e5c6_0.png	image-168.png
httpss.mj.runzt8clcL5Pqs_Tibbers_close_up_of_a_scary_looking__efc95672-57b7-43bf-bb47-7f02572f7d26_3.png	image-169.png
httpss.mj.runzxr2WbRfINM_Leonhard_Euler_life-like_doll_3D_scu_26ad74c2-b58a-4540-becc-58e3adaec3eb_1.png	scu-53.png
httpss.mj.runzxr2WbRfINM_Leonhard_Euler_life-like_doll_3D_scu_26ad74c2-b58a-4540-becc-58e3adaec3eb_3.png	scu-54.png
httpss.mj.runzxr2WbRfINM_Leonhard_Euler_life-like_doll_3D_scu_9310a155-cecc-473e-9c42-4450dcc249ec_1.png	scu-55.png
httpss.mj.runzxr2WbRfINM_Leonhard_Euler_life-like_doll_3D_scu_9310a155-cecc-473e-9c42-4450dcc249ec_3.png	scu-56.png
Humpback_whale__full_body_flat_vector_art._thick_black_lines._31de1a42-2991-443e-8f99-38428c51f41c_1.png	animal-humpback-whale-01.png
Humpback_whale__full_body_flat_vector_art._thick_black_lines._47f50156-5a36-4af3-84b2-b22c74e2ffbd_2.png	animal-humpback-whale-02.png
Humpback_whale__full_body_flat_vector_art._thick_black_lines._70a3acec-0666-431e-869e-2ff3550487b3_0.png	animal-humpback-whale-03.png
Humpback_whale__full_body_flat_vector_art._thick_black_lines._70a3acec-0666-431e-869e-2ff3550487b3_1.png	animal-humpback-whale-04.png
Humpback_whale__full_body_flat_vector_art._thick_black_lines._70a3acec-0666-431e-869e-2ff3550487b3_2.png	animal-humpback-whale-05.png
Humpback_whale__full_body_flat_vector_art._thick_black_lines._7da4ea45-821e-4e8c-b6f1-b26c69ec4a60_1.png	animal-humpback-whale-06.png
Humpback_whale__full_body_flat_vector_art._thick_black_lines._9bd02a51-f603-4fd2-b20d-ecc732c95f8b_0.png	animal-humpback-whale-07.png
I_see_the_moon_and_the_moon_sees_me_Noahs_Ark_Two_cats_curled_e87548ba-84e4-47d1-81b9-15fee4789557_0.png	i-see-the-moon-and-the-moon-sees-me-noahs-ark-two.png
I_see_the_moon_and_the_moon_sees_me_The_moon_sees_someone_I_l_05383a41-2cee-4d5e-a7cc-44f6c1d53af5_1.png	i-see-the-moon-and-the-moon-sees-me-the-moon-sees-01.png
I_see_the_moon_and_the_moon_sees_me_The_moon_sees_someone_I_l_7f2a7d3c-16dd-44b2-aed5-ac0228d7089d_1.png	i-see-the-moon-and-the-moon-sees-me-the-moon-sees-02.png
I_see_the_moon_and_the_moon_sees_me_The_moon_sees_someone_I_l_a7f53318-7f11-4715-ae58-42bcfe39df7b_0.png	i-see-the-moon-and-the-moon-sees-me-the-moon-sees-03.png
I_see_the_moon_and_the_moon_sees_me_The_moon_sees_someone_I_l_a7f53318-7f11-4715-ae58-42bcfe39df7b_1.png	i-see-the-moon-and-the-moon-sees-me-the-moon-sees-04.png
I_see_the_moon_and_the_moon_sees_me_The_moon_sees_someone_I_l_b2eab7fd-1c1b-4db8-82da-99890415f88b_0.png	i-see-the-moon-and-the-moon-sees-me-the-moon-sees-05.png
I_see_the_moon_and_the_moon_sees_me_The_moon_sees_someone_I_l_b2eab7fd-1c1b-4db8-82da-99890415f88b_2.png	i-see-the-moon-and-the-moon-sees-me-the-moon-sees-06.png
Iron_Giant_x_Megatron_Mecha_Robot_A_timeline_diagram_of_Mayas_4de63c0f-c1ba-41f7-9c18-ae3ef9c83002_3.png	iron-giant-x-megatron-mecha-robot-a-timeline-diagram-of-mayas-01.png
Iron_Giant_x_Megatron_Mecha_Robot_A_timeline_diagram_of_Mayas_51a7ff31-798a-4e5f-a6f1-dd86739c9409_1.png	iron-giant-x-megatron-mecha-robot-a-timeline-diagram-of-mayas-02.png
Iron_Giant_x_Megatron_Mecha_Robot_A_timeline_diagram_of_Mayas_51a7ff31-798a-4e5f-a6f1-dd86739c9409_2.png	iron-giant-x-megatron-mecha-robot-a-timeline-diagram-of-mayas-03.png
Iron_Giant_x_Megatron_Mecha_Robot_A_timeline_diagram_of_Mayas_ee1eebe7-3d76-4b9f-a5bc-834d6e9dfbff_1.png	iron-giant-x-megatron-mecha-robot-a-timeline-diagram-of-mayas-04.png
Iron_Giant_x_Megatron_Mecha_Robot_A_timeline_diagram_of_Mayas_f630b8ed-644a-433c-8248-138014e3a8c6_2.png	iron-giant-x-megatron-mecha-robot-a-timeline-diagram-of-mayas-05.png
Iron_Giant_x_Megatron_Mecha_Robot_A_timeline_diagram_of_Mayas_f630b8ed-644a-433c-8248-138014e3a8c6_3.png	iron-giant-x-megatron-mecha-robot-a-timeline-diagram-of-mayas-06.png
Iron_Giant_x_Megatron_Mecha_Robot_The_Nine_Capacities_referen_253d81e5-19da-4581-9917-856fdff1436e_2.png	iron-giant-x-megatron-mecha-robot-the-nine-capacities-referen-01.png
Iron_Giant_x_Megatron_Mecha_Robot_The_Nine_Capacities_referen_5a5e09a8-d5e0-4b6d-822b-660438636785_0.png	iron-giant-x-megatron-mecha-robot-the-nine-capacities-referen-02.png
Iron_Giant_x_Megatron_Mecha_Robot_The_Nine_Capacities_referen_5a5e09a8-d5e0-4b6d-822b-660438636785_1.png	iron-giant-x-megatron-mecha-robot-the-nine-capacities-referen-03.png
Jack_Skellington_A_tall_thin_living_skeleton_in_a_pinstripe_s_eca6d802-3f99-4453-9ce0-6dd28d121eb2_0.png	jack-skellington-a-tall-thin-living-skeleton-in-a-pinstripe-s-01.png
Jack_Skellington_A_tall_thin_living_skeleton_in_a_pinstripe_s_eca6d802-3f99-4453-9ce0-6dd28d121eb2_1.png	jack-skellington-a-tall-thin-living-skeleton-in-a-pinstripe-s-02.png
Jack_Skellington_A_tall_thin_living_skeleton_in_a_pinstripe_s_eca6d802-3f99-4453-9ce0-6dd28d121eb2_2.png	jack-skellington-a-tall-thin-living-skeleton-in-a-pinstripe-s-03.png
Joseph_bearded_man_in_simple_tunic_and_cloak_staff_protective_00124374-d3a4-4d26-9e53-f757288a80de_1.png	joseph-bearded-man-in-simple-tunic-and-cloak-staff-protective.png
Kangaroo__full_body_flat_vector_art._thick_black_lines._white_2f94db4b-7fe8-42ca-8801-79da5ef6512d_1.png	animal-kangaroo-01.png
Kangaroo__full_body_flat_vector_art._thick_black_lines._white_3a02dfc0-737b-40ba-bf2f-8148dab69792_1.png	animal-kangaroo-02.png
Kangaroo__full_body_flat_vector_art._thick_black_lines._white_501fa25b-accd-474c-8b01-b9b6b7b551ab_0.png	animal-kangaroo-03.png
Kangaroo__full_body_flat_vector_art._thick_black_lines._white_501fa25b-accd-474c-8b01-b9b6b7b551ab_1.png	animal-kangaroo-04.png
Kangaroo__full_body_flat_vector_art._thick_black_lines._white_6cd46adb-bba6-47dd-819e-6a19795b215f_0.png	animal-kangaroo-05.png
Kangaroo__full_body_flat_vector_art._thick_black_lines._white_6cd46adb-bba6-47dd-819e-6a19795b215f_1.png	animal-kangaroo-06.png
Kangaroo__full_body_flat_vector_art._thick_black_lines._white_6cd46adb-bba6-47dd-819e-6a19795b215f_3.png	animal-kangaroo-07.png
Kangaroo__full_body_flat_vector_art._thick_black_lines._white_a7dc981c-a279-4af4-a43d-85d92040b85c_1.png	animal-kangaroo-08.png
Kangaroo__full_body_flat_vector_art._thick_black_lines._white_d6396669-88d3-4501-b77f-53feb18b135f_1.png	animal-kangaroo-09.png
Koala__full_body_flat_vector_art._thick_black_lines._white_ba_11323974-bff7-45f0-8d9c-657d62714f3a_2.png	animal-koala-01.png
Koala__full_body_flat_vector_art._thick_black_lines._white_ba_88184f34-f286-4f15-97d9-659983cc990a_3.png	animal-koala-02.png
Koala__full_body_flat_vector_art._thick_black_lines._white_ba_b1ec0759-e3cf-4ad1-b44c-0ecb8c21bb5e_0.png	animal-koala-03.png
Kris_Kringle_33-year-old_man_with_white_beard_warm_suit_twink_057b5297-18e3-4c31-97a0-2d4d04ef7c8f_3.png	kris-kringle-33-year-old-man-with-white-beard-warm-suit-twink.png
Lay_thee_down_and_rest_May_thy_slumber_be_blessed_Let_the_ang_1da880ea-72ed-4543-a190-8a933894bf59_0.png	lay-thee-down-and-rest-may-thy-slumber-be-blessed-let-the-01.png
Lay_thee_down_and_rest_May_thy_slumber_be_blessed_Let_the_ang_4155d742-4bfa-492d-857e-f68d07bc55d8_0.png	lay-thee-down-and-rest-may-thy-slumber-be-blessed-let-the-02.png
Lay_thee_down_and_rest_May_thy_slumber_be_blessed_Let_the_ang_4155d742-4bfa-492d-857e-f68d07bc55d8_2.png	lay-thee-down-and-rest-may-thy-slumber-be-blessed-let-the-03.png
Lay_thee_down_and_rest_May_thy_slumber_be_blessed_Let_the_ang_ad32e269-b32d-4ca4-bae7-abbd7595eceb_0.png	lay-thee-down-and-rest-may-thy-slumber-be-blessed-let-the-04.png
Lay_thee_down_and_rest_May_thy_slumber_be_blessed_Let_the_ang_ad32e269-b32d-4ca4-bae7-abbd7595eceb_3.png	lay-thee-down-and-rest-may-thy-slumber-be-blessed-let-the-05.png
Leonardo_da_Vinci__full_body_flat_vector_art._thick_black_lin_78486273-4939-47bc-9c09-f705ef796725_2.png	leonardo-da-vinci-01.png
Leonardo_da_Vinci__full_body_flat_vector_art._thick_black_lin_e8057bcd-f2ad-4362-b135-03184a3d9be1_0.png	leonardo-da-vinci-02.png
Leopard__full_body_flat_vector_art._thick_black_lines._white__1f69819d-5cde-4e93-aa38-dd0c307e06ad_2.png	animal-leopard-01.png
Leopard__full_body_flat_vector_art._thick_black_lines._white__c9b78a02-47b6-4781-9e93-fb785b296569_2.png	animal-leopard-02.png
Linus_van_Pelt_Meaning-of-Christmas_reciter.__in_a_field_of_g_9b94cefc-602e-4567-bcd9-4fd9905a04e5_3.png	linus-van-pelt-meaning-of-christmas-reciter-in-a-field-of-g.png
Lion__flat_vector_art._thick_black_lines._white_background_mi_b2c594ae-89c5-431c-b154-e8107e32c8aa_0.png	animal-lion-01.png
Lion__flat_vector_art._thick_black_lines._white_background_mi_f3b377cf-99b1-491e-bcd3-dc37030e85fb_0.png	animal-lion-02.png
Lion__flat_vector_art._thick_black_lines._white_background_mi_fcd6151e-0ec7-4b53-9311-e2730967be78_1.png	animal-lion-03.png
Locust__full_body_flat_vector_art._thick_black_lines._white_b_bbc0b97c-da8f-4531-9e58-aec7591fa0ad_2.png	animal-locust-01.png
Locust__full_body_flat_vector_art._thick_black_lines._white_b_bbc0b97c-da8f-4531-9e58-aec7591fa0ad_3.png	animal-locust-02.png
Lullaby_and_goodnight_With_roses_bedight_Babys_wee_bed_Now_la_47a6f8da-8913-48cb-a5f5-7c00de7cd8ff_2.png	lullaby-and-goodnight-with-roses-bedight-babys-wee-bed-now-la-01.png
Lullaby_and_goodnight_With_roses_bedight_Babys_wee_bed_Now_la_6b293697-7265-4e66-8636-9f4099d72306_1.png	lullaby-and-goodnight-with-roses-bedight-babys-wee-bed-now-la-02.png
Lullaby_and_goodnight_With_roses_bedight_Babys_wee_bed_Now_la_6b293697-7265-4e66-8636-9f4099d72306_2.png	lullaby-and-goodnight-with-roses-bedight-babys-wee-bed-now-la-03.png
Lullaby_and_goodnight_With_roses_bedight_Babys_wee_bed_Now_la_6b293697-7265-4e66-8636-9f4099d72306_3.png	lullaby-and-goodnight-with-roses-bedight-babys-wee-bed-now-la-04.png
Mae_Jemison_-_First_Black_woman_in_space_doctor_and_engineer__18793c7b-4ec6-4c02-9921-c336ceeb5128_2.png	mae-jemison-first-black-woman-in-space-doctor-and-engineer-01.png
Mae_Jemison_-_First_Black_woman_in_space_doctor_and_engineer__94b94baa-e488-430f-a934-52bf5e5f9214_3.png	mae-jemison-first-black-woman-in-space-doctor-and-engineer-02.png
male_model_with_a_buzz_cut__in_the_style_of_william_eggleston_1ed83781-4856-4ec8-a036-0181442db2b7_3.png	male-model-with-a-buzz-cut-in-the-style-of-william-eggleston-01.png
male_model_with_a_buzz_cut__in_the_style_of_william_eggleston_28e175ea-9b22-47df-9e2d-bae4445421c4_1.png	male-model-with-a-buzz-cut-in-the-style-of-william-eggleston-02.png
male_model_with_a_buzz_cut__in_the_style_of_william_eggleston_40d115d7-ef33-40ad-b4ee-29579a48b41c_0.png	male-model-with-a-buzz-cut-in-the-style-of-william-eggleston-03.png
male_model_with_a_buzz_cut__in_the_style_of_william_eggleston_40d115d7-ef33-40ad-b4ee-29579a48b41c_1.png	male-model-with-a-buzz-cut-in-the-style-of-william-eggleston-04.png
male_model_with_a_buzz_cut__in_the_style_of_william_eggleston_8c2367d7-e816-427a-adef-7e0ea99edb95_0.png	male-model-with-a-buzz-cut-in-the-style-of-william-eggleston-05.png
male_model_with_a_buzz_cut__in_the_style_of_william_eggleston_f4349e59-3b58-4eab-a31d-55c7ba6ebb7c_0.png	male-model-with-a-buzz-cut-in-the-style-of-william-eggleston-06.png
Medium_shot_of_a_dental_workstation_clean_modern_screen_showi_1ed90337-1d04-49f5-aa49-5fcfc0b76ad1_0.png	medium-shot-of-a-dental-workstation-clean-modern-screen-showi-01.png
Medium_shot_of_a_dental_workstation_clean_modern_screen_showi_1ed90337-1d04-49f5-aa49-5fcfc0b76ad1_1.png	medium-shot-of-a-dental-workstation-clean-modern-screen-showi-02.png
Medium_shot_of_a_dental_workstation_clean_modern_screen_showi_2357ae5c-50e5-47f3-9a07-d6d3b4d5cac4_0.png	medium-shot-of-a-dental-workstation-clean-modern-screen-showi-03.png
Medium_shot_of_a_dental_workstation_clean_modern_screen_showi_2357ae5c-50e5-47f3-9a07-d6d3b4d5cac4_3.png	medium-shot-of-a-dental-workstation-clean-modern-screen-showi-04.png
Medium_shot_of_a_dental_workstation_clean_modern_screen_showi_416d660d-3280-42ec-afad-4a900e982f91_2.png	medium-shot-of-a-dental-workstation-clean-modern-screen-showi-05.png
Medium_shot_of_a_dental_workstation_clean_modern_screen_showi_416d660d-3280-42ec-afad-4a900e982f91_3.png	medium-shot-of-a-dental-workstation-clean-modern-screen-showi-06.png
Medium_shot_of_the_doll_sitting_alone_on_a_wooden_shelf_again_1dd3b782-ac9b-45be-8f15-fe59de139544_3.png	medium-shot-of-the-doll-sitting-alone-on-a-wooden-shelf-again-01.png
Medium_shot_of_the_doll_sitting_alone_on_a_wooden_shelf_again_7d4f9f1c-f374-4e1a-aa65-7a0cfe51fefd_0.png	medium-shot-of-the-doll-sitting-alone-on-a-wooden-shelf-again-02.png
Medium_shot_of_the_doll_sitting_alone_on_a_wooden_shelf_again_7d4f9f1c-f374-4e1a-aa65-7a0cfe51fefd_2.png	medium-shot-of-the-doll-sitting-alone-on-a-wooden-shelf-again-03.png
Medium_shot_of_the_doll_sitting_alone_on_a_wooden_shelf_again_7d4f9f1c-f374-4e1a-aa65-7a0cfe51fefd_3.png	medium-shot-of-the-doll-sitting-alone-on-a-wooden-shelf-again-04.png
Medium_shot_of_the_doll_sitting_alone_on_a_wooden_shelf_again_7d7389cc-40e1-4ce7-9c0e-ce27f82acc1c_2.png	medium-shot-of-the-doll-sitting-alone-on-a-wooden-shelf-again-05.png
Medium_shot_of_the_doll_sitting_alone_on_a_wooden_shelf_again_7d7389cc-40e1-4ce7-9c0e-ce27f82acc1c_3.png	medium-shot-of-the-doll-sitting-alone-on-a-wooden-shelf-again-06.png
Medium_shot_of_the_doll_sitting_alone_on_a_wooden_shelf_again_b261aff4-35e8-40d1-a56f-59cb538195fe_1.png	medium-shot-of-the-doll-sitting-alone-on-a-wooden-shelf-again-07.png
Mini_Rex_A_blue_Mini_Rex_rabbit_with_impossibly_soft-looking__d662cc05-5029-4203-b659-8d6c9a939268_3.png	animal-mini-rex-a-blue-mini-rex-rabbit-with-impossibly-soft-looking.png
Orangutan__full_body_flat_vector_art._thick_black_lines._whit_18f5f4c9-feaa-4ff4-9051-4491749da9c3_3.png	orangutan.png
Orca__full_body_flat_vector_art._thick_black_lines._white_bac_0a28dbac-6e48-4514-ba1a-3d076381ccc5_3.png	orca-01.png
Orca__full_body_flat_vector_art._thick_black_lines._white_bac_18fb5bdc-67d6-4eda-931f-3e67e6b60040_2.png	orca-02.png
Orca__full_body_flat_vector_art._thick_black_lines._white_bac_f9a8f480-3aa7-4b1d-8702-3f714a3b2368_1.png	orca-03.png
Overhead_shot_a_small_warmly_lit_dental_office_waiting_room.__a24d5b63-e9e7-4700-9b17-9c2f83a2bf27_0.png	overhead-shot-a-small-warmly-lit-dental-office-waiting-room-01.png
Overhead_shot_a_small_warmly_lit_dental_office_waiting_room.__f6005427-49d1-47d4-a12e-535d92d36be6_1.png	overhead-shot-a-small-warmly-lit-dental-office-waiting-room-02.png
Panda__full_body_flat_vector_art._thick_black_lines._white_ba_176c0da3-9c63-4bd8-a60b-d4892bfb7236_2.png	panda-01.png
Panda__full_body_flat_vector_art._thick_black_lines._white_ba_8b146958-6626-4d1e-92d1-d53b445028cc_2.png	panda-02.png
Platypus__full_body_flat_vector_art._thick_black_lines._white_c237bc97-6460-4b8e-98bb-3c341ec71579_0.png	platypus-01.png
Platypus__full_body_flat_vector_art._thick_black_lines._white_c62007ec-4138-4d23-8b11-ec009ae22cec_0.png	platypus-02.png
Platypus__full_body_flat_vector_art._thick_black_lines._white_e229d7c3-ab3d-4ce5-984a-1c3b0a106571_2.png	platypus-03.png
Platypus__full_body_flat_vector_art._thick_black_lines._white_ec6ce901-16f8-4db5-bccf-b05adde1d7c5_1.png	platypus-04.png
Polar_bear__full_body_flat_vector_art._thick_black_lines._whi_26dd5582-06bd-4b99-97c2-996ef822c18b_1.png	animal-polar-bear-01.png
Polar_bear__full_body_flat_vector_art._thick_black_lines._whi_26dd5582-06bd-4b99-97c2-996ef822c18b_2.png	animal-polar-bear-02.png
Polar_bear__full_body_flat_vector_art._thick_black_lines._whi_26dd5582-06bd-4b99-97c2-996ef822c18b_3.png	animal-polar-bear-03.png
Polar_bear__full_body_flat_vector_art._thick_black_lines._whi_2dbe9508-9778-48bc-8bcd-76c48c178d0a_2.png	animal-polar-bear-04.png
Polar_bear__full_body_flat_vector_art._thick_black_lines._whi_2dbe9508-9778-48bc-8bcd-76c48c178d0a_3.png	animal-polar-bear-05.png
Polar_bear__full_body_flat_vector_art._thick_black_lines._whi_3aebd0f8-b39c-41e5-90d0-89f13b96630b_1.png	animal-polar-bear-06.png
Polar_bear__full_body_flat_vector_art._thick_black_lines._whi_3aebd0f8-b39c-41e5-90d0-89f13b96630b_2.png	animal-polar-bear-07.png
Polar_bear__full_body_flat_vector_art._thick_black_lines._whi_3aebd0f8-b39c-41e5-90d0-89f13b96630b_3.png	animal-polar-bear-08.png
Polar_bear__full_body_flat_vector_art._thick_black_lines._whi_ac8f08e5-ed2f-471c-ab43-9dcc76b1e57e_0.png	animal-polar-bear-09.png
Polar_bear__full_body_flat_vector_art._thick_black_lines._whi_ac8f08e5-ed2f-471c-ab43-9dcc76b1e57e_3.png	animal-polar-bear-10.png
Polar_bear__full_body_flat_vector_art._thick_black_lines._whi_d66b804d-6856-4bb1-b7c6-a44a8b1cf923_0.png	animal-polar-bear-11.png
Polar_bear__full_body_flat_vector_art._thick_black_lines._whi_d66b804d-6856-4bb1-b7c6-a44a8b1cf923_1.png	animal-polar-bear-12.png
puppet_with_blonde_hair_and_blue_eyes_holds_pliers_in_his_han_021c4e45-382d-47d6-81eb-f431404e5289_0.png	puppet-with-blonde-hair-and-blue-eyes-holds-pliers-in-his-han.png
Q_James_Bond__full_body_flat_vector_art._thick_black_lines._w_08ed556d-6fa4-48c6-8177-6fe04a8b4fb1_0.png	q-james-bond-01.png
Q_James_Bond__full_body_flat_vector_art._thick_black_lines._w_08ed556d-6fa4-48c6-8177-6fe04a8b4fb1_2.png	q-james-bond-02.png
Q_James_Bond__full_body_flat_vector_art._thick_black_lines._w_59646d0c-5d69-4540-9700-0b23f7131a0e_0.png	q-james-bond-03.png
Q_James_Bond__full_body_flat_vector_art._thick_black_lines._w_8c2e7003-5e86-447e-b943-d22fcc2d6bec_2.png	q-james-bond-04.png
Q_James_Bond__full_body_flat_vector_art._thick_black_lines._w_b8b4a75a-9de1-46a2-b3e7-1060f2dd63df_2.png	q-james-bond-05.png
Q_James_Bond__full_body_flat_vector_art._thick_black_lines._w_d0322b89-7858-4140-93cf-2d92bbab367c_0.png	q-james-bond-06.png
Q_James_Bond__full_body_flat_vector_art._thick_black_lines._w_d0322b89-7858-4140-93cf-2d92bbab367c_1.png	q-james-bond-07.png
real-life_Victor_Frankenstein_is_a_handsome_man_with_long_cur_576e449b-37a6-4882-bd54-46cd5e49b6b1_0.png	real-life-victor-frankenstein-is-a-handsome-man-with-long-cur-01.png
real-life_Victor_Frankenstein_is_a_handsome_man_with_long_cur_ba41d838-ba0e-43eb-8429-f97b9d5d2181_0.png	real-life-victor-frankenstein-is-a-handsome-man-with-long-cur-02.png
real-life_Victor_Frankenstein_is_a_handsome_man_with_long_cur_d04d7fa3-d1bf-4b52-951a-c08c09fbaaa6_3.png	real-life-victor-frankenstein-is-a-handsome-man-with-long-cur-03.png
real-life_Victor_Frankenstein_is_a_handsome_man_with_long_cur_dac1d186-f7e8-42f4-b180-6201cb556399_0.png	real-life-victor-frankenstein-is-a-handsome-man-with-long-cur-04.png
real-life_Victor_Frankenstein_is_a_handsome_man_with_long_cur_ee2df1dc-b541-421f-a545-9804c3866966_0.png	real-life-victor-frankenstein-is-a-handsome-man-with-long-cur-05.png
Red_panda__full_body_flat_vector_art._thick_black_lines._whit_532f1f56-6d10-4b2b-b563-babf0c59fd0a_3.png	red-panda-01.png
Red_panda__full_body_flat_vector_art._thick_black_lines._whit_72a34411-9874-40ae-97e0-7c5457870759_1.png	red-panda-02.png
Red_panda__full_body_flat_vector_art._thick_black_lines._whit_72a34411-9874-40ae-97e0-7c5457870759_2.png	red-panda-03.png
Red_panda__full_body_flat_vector_art._thick_black_lines._whit_878de8d8-dbf7-4ab9-849a-bb2dae30d7e6_1.png	red-panda-04.png
Red_panda__full_body_flat_vector_art._thick_black_lines._whit_878de8d8-dbf7-4ab9-849a-bb2dae30d7e6_2.png	red-panda-05.png
Rhinoceros__full_body_flat_vector_art._thick_black_lines._whi_38a7deb3-bcb3-4530-83a3-26d40bf6b59f_0.png	rhinoceros-01.png
Rhinoceros__full_body_flat_vector_art._thick_black_lines._whi_4168afe2-fffe-46c9-a594-1edc26cfdc13_3.png	rhinoceros-02.png
scientific_representation_of_a_brain_as_a_wire_mesh._the_mesh_0800d077-1f59-4c71-9bf8-ea593b2419f9_1.png	scientific-representation-of-a-brain-as-a-wire-mesh-the-mesh.png
Seahorse__full_body_flat_vector_art._thick_black_lines._white_18f48996-4995-42e8-954d-1910c8f0c8e9_2.png	seahorse-01.png
Seahorse__full_body_flat_vector_art._thick_black_lines._white_36eae006-6f1e-4c16-9ec7-6ada00511702_0.png	seahorse-02.png
Seahorse__full_body_flat_vector_art._thick_black_lines._white_8ff87a7a-3efd-4e12-9302-4896f6f07957_2.png	seahorse-03.png
simple_lines_and_flat_colors_illustration_in_the_style_of_Phi_06054121-fcef-4f60-9f1e-24a4e6c18f71_0.png	simple-lines-and-flat-colors-illustration-in-the-style-of-phi-01.png
simple_lines_and_flat_colors_illustration_in_the_style_of_Phi_14a670a6-6f2f-493c-b06a-18e8d0d3e9e1_1.png	simple-lines-and-flat-colors-illustration-in-the-style-of-phi-02.png
simple_lines_and_flat_colors_illustration_in_the_style_of_Phi_171cdd1f-7c69-46af-b2d0-6a01765731cc_0.png	simple-lines-and-flat-colors-illustration-in-the-style-of-phi-03.png
simple_lines_and_flat_colors_illustration_in_the_style_of_Phi_171cdd1f-7c69-46af-b2d0-6a01765731cc_3.png	simple-lines-and-flat-colors-illustration-in-the-style-of-phi-04.png
simple_lines_and_flat_colors_illustration_in_the_style_of_Phi_686cc559-7c94-48db-a271-8927bd7505e9_0.png	simple-lines-and-flat-colors-illustration-in-the-style-of-phi-05.png
simple_lines_and_flat_colors_illustration_in_the_style_of_Phi_686cc559-7c94-48db-a271-8927bd7505e9_3.png	simple-lines-and-flat-colors-illustration-in-the-style-of-phi-06.png
simple_lines_and_flat_colors_illustration_in_the_style_of_Phi_7590326f-2867-4817-9305-c07eb2d9532f_2.png	simple-lines-and-flat-colors-illustration-in-the-style-of-phi-07.png
simple_lines_and_flat_colors_illustration_in_the_style_of_Phi_8178383e-744c-48d7-a7a5-7db9ce5d9c0e_3.png	simple-lines-and-flat-colors-illustration-in-the-style-of-phi-08.png
simple_lines_and_flat_colors_illustration_in_the_style_of_Phi_9396bf63-ab51-46d0-ab8c-58dbdabf7f68_3.png	simple-lines-and-flat-colors-illustration-in-the-style-of-phi-09.png
simple_lines_and_flat_colors_illustration_in_the_style_of_Phi_95c18ce2-66d3-4f34-8f74-eb58aee283cc_2.png	simple-lines-and-flat-colors-illustration-in-the-style-of-phi-10.png
simple_lines_and_flat_colors_illustration_in_the_style_of_Phi_9d14f480-d2c8-4bf1-9f9d-45c0977ee025_0.png	simple-lines-and-flat-colors-illustration-in-the-style-of-phi-11.png
simple_lines_and_flat_colors_illustration_in_the_style_of_Phi_a3cfefe9-e5f7-4dc9-8fca-cd00351a9167_2.png	simple-lines-and-flat-colors-illustration-in-the-style-of-phi-12.png
simple_lines_and_flat_colors_illustration_in_the_style_of_Phi_acb378f7-cb34-4a39-b957-39a588b5cbe1_1.png	simple-lines-and-flat-colors-illustration-in-the-style-of-phi-13.png
simple_lines_and_flat_colors_illustration_in_the_style_of_Phi_acb378f7-cb34-4a39-b957-39a588b5cbe1_2.png	simple-lines-and-flat-colors-illustration-in-the-style-of-phi-14.png
simple_lines_and_flat_colors_illustration_in_the_style_of_Phi_d373db7f-7737-4a2a-ae28-3b9d5f58ddbe_3.png	simple-lines-and-flat-colors-illustration-in-the-style-of-phi-15.png
simple_lines_and_flat_colors_illustration_in_the_style_of_Phi_d7c44bb8-1260-4174-a71f-c511db13cb14_0.png	simple-lines-and-flat-colors-illustration-in-the-style-of-phi-16.png
simple_lines_and_flat_colors_illustration_in_the_style_of_Phi_de9f92af-36d0-406a-bf63-e570e9eb0fa1_0.png	simple-lines-and-flat-colors-illustration-in-the-style-of-phi-17.png
simple_lines_and_flat_colors_illustration_in_the_style_of_Phi_de9f92af-36d0-406a-bf63-e570e9eb0fa1_3.png	simple-lines-and-flat-colors-illustration-in-the-style-of-phi-18.png
simple_lines_and_flat_colors_illustration_in_the_style_of_Phi_e519dcae-c4ba-4f30-bece-2a907cc16802_1.png	simple-lines-and-flat-colors-illustration-in-the-style-of-phi-19.png
simple_lines_and_flat_colors_illustration_in_the_style_of_Phi_f874570b-1abe-4275-89da-afdae7d500cd_2.png	simple-lines-and-flat-colors-illustration-in-the-style-of-phi-20.png
Sleep_tight_little_star_Drift_to_dreams_afar_Moonbeams_whispe_0f76c282-6941-47f4-ae2a-049bf3f8c439_2.png	sleep-tight-little-star-drift-to-dreams-afar-moonbeams-whispe-01.png
Sleep_tight_little_star_Drift_to_dreams_afar_Moonbeams_whispe_5807d6fd-eb9a-4a6e-878c-438d2c113a7d_0.png	sleep-tight-little-star-drift-to-dreams-afar-moonbeams-whispe-02.png
Slow_push-in_on_the_burlap_doll_sitting_on_a_calendar_page_De_e1b0fb25-8258-4895-bf3e-46160512d826_2.png	slow-push-in-on-the-burlap-doll-sitting-on-a-calendar-page.png
Slow_push-in_on_the_waiting_room_door_as_it_opens._The_burlap_b3143300-e7db-4433-bd67-4a9911b67a21_3.png	slow-push-in-on-the-waiting-room-door-as-it-opens-the.png
sun_wukong_with_the_ruyi_jingu_bang_simple_color_tattoo_desig_08664164-fddd-48af-b8a3-f874980adb60_2.png	sun-wukong-with-the-ruyi-jingu-bang-simple-color-tattoo-desig-01.png
sun_wukong_with_the_ruyi_jingu_bang_simple_color_tattoo_desig_b33200ae-8b34-4c7d-a42f-9c29daa17b13_3.png	sun-wukong-with-the-ruyi-jingu-bang-simple-color-tattoo-desig-02.png
T.S._Elliot_in_the_style_of_early-20th-century_photography._-_18812c90-2c24-4af8-b68e-6d31a49d203e_0.png	t-s-elliot-in-the-style-of-early-20th-century-photography-01.png
T.S._Elliot_in_the_style_of_early-20th-century_photography._-_18812c90-2c24-4af8-b68e-6d31a49d203e_1.png	t-s-elliot-in-the-style-of-early-20th-century-photography-02.png
T.S._Elliot_in_the_style_of_early-20th-century_photography._-_18812c90-2c24-4af8-b68e-6d31a49d203e_2.png	t-s-elliot-in-the-style-of-early-20th-century-photography-03.png
T.S._Elliot_in_the_style_of_early-20th-century_photography._-_b8c5cb3a-71ec-4667-bf2a-3edce26590ca_0.png	t-s-elliot-in-the-style-of-early-20th-century-photography-04.png
T.S._Elliot_in_the_style_of_early-20th-century_photography._-_b8c5cb3a-71ec-4667-bf2a-3edce26590ca_1.png	t-s-elliot-in-the-style-of-early-20th-century-photography-05.png
T.S._Elliot_in_the_style_of_early-20th-century_photography._-_b8c5cb3a-71ec-4667-bf2a-3edce26590ca_2.png	t-s-elliot-in-the-style-of-early-20th-century-photography-06.png
T.S._Elliot_in_the_style_of_early-20th-century_photography._-_b8c5cb3a-71ec-4667-bf2a-3edce26590ca_3.png	t-s-elliot-in-the-style-of-early-20th-century-photography-07.png
Tender_lullabies_Float_through_the_skies_Rest_your_weary_mind_6c2f71c4-e8a4-43c9-8ebf-4dbdb42957f8_1.png	tender-lullabies-float-through-the-skies-rest-your-weary-mind-01.png
Tender_lullabies_Float_through_the_skies_Rest_your_weary_mind_6c2f71c4-e8a4-43c9-8ebf-4dbdb42957f8_2.png	tender-lullabies-float-through-the-skies-rest-your-weary-mind-02.png
Tender_lullabies_Float_through_the_skies_Rest_your_weary_mind_a379de2f-1af2-470f-a2a0-d51c7c25c820_0.png	tender-lullabies-float-through-the-skies-rest-your-weary-mind-03.png
Tender_lullabies_Float_through_the_skies_Rest_your_weary_mind_a379de2f-1af2-470f-a2a0-d51c7c25c820_3.png	tender-lullabies-float-through-the-skies-rest-your-weary-mind-04.png
The_animals_came_in_two_by_two_hurrah_hurrah_They_came_in_dan_50b4b20c-db49-48eb-b850-b966c9418ca7_0.png	animals-came-in-two-by-two-hurrah-hurrah-they-came-in-dan-01.png
The_animals_came_in_two_by_two_hurrah_hurrah_They_came_in_dan_50b4b20c-db49-48eb-b850-b966c9418ca7_3.png	animals-came-in-two-by-two-hurrah-hurrah-they-came-in-dan-02.png
The_animals_came_in_two_by_two_hurrah_hurrah_They_came_in_dan_78a9d299-e59c-4a01-9f6e-ba3d844f2436_0.png	animals-came-in-two-by-two-hurrah-hurrah-they-came-in-dan-03.png
The_animals_came_in_two_by_two_hurrah_hurrah_They_came_in_dan_78a9d299-e59c-4a01-9f6e-ba3d844f2436_2.png	animals-came-in-two-by-two-hurrah-hurrah-they-came-in-dan-04.png
The_animals_came_in_two_by_two_hurrah_hurrah_They_came_in_dan_842e37f3-736b-4c52-87fc-a71464355f3d_0.png	animals-came-in-two-by-two-hurrah-hurrah-they-came-in-dan-05.png
The_animals_came_in_two_by_two_hurrah_hurrah_They_came_in_dan_842e37f3-736b-4c52-87fc-a71464355f3d_2.png	animals-came-in-two-by-two-hurrah-hurrah-they-came-in-dan-06.png
The_animals_came_in_two_by_two_hurrah_hurrah_They_came_in_dan_abbd383a-afbb-4672-9185-c05e2eaaa740_0.png	animals-came-in-two-by-two-hurrah-hurrah-they-came-in-dan-07.png
The_animals_came_in_two_by_two_hurrah_hurrah_They_came_in_dan_abbd383a-afbb-4672-9185-c05e2eaaa740_3.png	animals-came-in-two-by-two-hurrah-hurrah-they-came-in-dan-08.png
The_animals_came_in_two_by_two_hurrah_hurrah_They_came_in_dan_bea4936a-b1f5-4366-8c4b-d0cb83180709_1.png	animals-came-in-two-by-two-hurrah-hurrah-they-came-in-dan-09.png
The_animals_came_in_two_by_two_hurrah_hurrah_They_came_in_dan_bea4936a-b1f5-4366-8c4b-d0cb83180709_2.png	animals-came-in-two-by-two-hurrah-hurrah-they-came-in-dan-10.png
The_animals_came_in_two_by_two_hurrah_hurrah_They_came_in_dan_e281bde8-9aa6-43eb-a4a1-d10e76b4fa7c_1.png	animals-came-in-two-by-two-hurrah-hurrah-they-came-in-dan-11.png
The_animals_came_in_two_by_two_hurrah_hurrah_They_came_in_dan_e281bde8-9aa6-43eb-a4a1-d10e76b4fa7c_2.png	animals-came-in-two-by-two-hurrah-hurrah-they-came-in-dan-12.png
The_animals_came_in_two_by_two_hurrah_hurrah_They_came_in_dan_e281bde8-9aa6-43eb-a4a1-d10e76b4fa7c_3.png	animals-came-in-two-by-two-hurrah-hurrah-they-came-in-dan-13.png
The_animals_went_in_two_by_two_hurrah_hurrah_The_animals_went_a7fd755f-56e1-4f87-a71d-d3a10b37a498_1.png	animals-went-in-two-by-two-hurrah-hurrah-the-animals-went-01.png
The_animals_went_in_two_by_two_hurrah_hurrah_The_animals_went_a7fd755f-56e1-4f87-a71d-d3a10b37a498_2.png	animals-went-in-two-by-two-hurrah-hurrah-the-animals-went-02.png
The_animals_went_in_two_by_two_hurrah_hurrah_The_animals_went_a7fd755f-56e1-4f87-a71d-d3a10b37a498_3.png	animals-went-in-two-by-two-hurrah-hurrah-the-animals-went-03.png
The_animals_went_in_two_by_two_hurrah_hurrah_The_animals_went_bc1a1c6e-ee7f-4379-a031-ff36a448e51a_1.png	animals-went-in-two-by-two-hurrah-hurrah-the-animals-went-04.png
The_animals_went_in_two_by_two_hurrah_hurrah_The_animals_went_bc1a1c6e-ee7f-4379-a031-ff36a448e51a_3.png	animals-went-in-two-by-two-hurrah-hurrah-the-animals-went-05.png
The_animals_went_in_two_by_two_hurrah_hurrah_The_animals_went_c3ad7bcf-3405-4b82-a0d2-796327e4d3a5_2.png	animals-went-in-two-by-two-hurrah-hurrah-the-animals-went-06.png
The_animals_went_in_two_by_two_hurrah_hurrah_The_animals_went_ec545e07-eee1-445f-9a15-ca82b21842ae_0.png	animals-went-in-two-by-two-hurrah-hurrah-the-animals-went-07.png
The_animals_went_in_two_by_two_hurrah_hurrah_The_animals_went_ec545e07-eee1-445f-9a15-ca82b21842ae_1.png	animals-went-in-two-by-two-hurrah-hurrah-the-animals-went-08.png
The_animals_went_in_two_by_two_hurrah_hurrah_The_animals_went_ec545e07-eee1-445f-9a15-ca82b21842ae_2.png	animals-went-in-two-by-two-hurrah-hurrah-the-animals-went-09.png
The_frame_shows_young_singer_in_his_recording_studio_with_a_m_45dc0f8b-af2d-4c48-b9ac-6f4951eb53e1_0.png	frame-shows-young-singer-in-his-recording-studio-with-a-m-01.png
The_frame_shows_young_singer_in_his_recording_studio_with_a_m_45dc0f8b-af2d-4c48-b9ac-6f4951eb53e1_1.png	frame-shows-young-singer-in-his-recording-studio-with-a-m-02.png
The_frame_shows_young_singer_in_his_recording_studio_with_a_m_45dc0f8b-af2d-4c48-b9ac-6f4951eb53e1_2.png	frame-shows-young-singer-in-his-recording-studio-with-a-m-03.png
The_frame_shows_young_singer_in_his_recording_studio_with_a_m_5fce64ec-48dc-4f47-b350-1486a52e4d86_1.png	frame-shows-young-singer-in-his-recording-studio-with-a-m-04.png
Tiger__full_body_flat_vector_art._thick_black_lines._white_ba_e8d9cdda-a445-489c-b861-aa9da5343c91_0.png	tiger-01.png
Tiger__full_body_flat_vector_art._thick_black_lines._white_ba_e8d9cdda-a445-489c-b861-aa9da5343c91_1.png	tiger-02.png
Tiger__full_body_flat_vector_art._thick_black_lines._white_ba_e8d9cdda-a445-489c-b861-aa9da5343c91_2.png	tiger-03.png
Tiger__full_body_flat_vector_art._thick_black_lines._white_ba_fb61d9be-d7af-46c9-88ad-93d4dc48f1e9_1.png	tiger-04.png
Two_bluebirds_in_a_nest_of_thread_a_flat_illustration_vector__679d61f2-bbad-438d-9cd3-5803d45e43b3_3.png	two-bluebirds-in-a-nest-of-thread-a-flat-illustration-vector-01.png
Two_bluebirds_in_a_nest_of_thread_a_flat_illustration_vector__a9d5bb6b-7c06-466a-a0b4-1fe62e5499dc_0.png	two-bluebirds-in-a-nest-of-thread-a-flat-illustration-vector-02.png
Two_bluebirds_in_a_nest_of_thread_a_flat_illustration_vector__a9d5bb6b-7c06-466a-a0b4-1fe62e5499dc_3.png	two-bluebirds-in-a-nest-of-thread-a-flat-illustration-vector-03.png
Two_bluebirds_in_a_nest_of_thread_character_design_rough_sket_3e955a60-857a-4c1b-92b9-fca003074d71_0.png	two-bluebirds-in-a-nest-of-thread-character-design-rough-sket-01.png
Two_bluebirds_in_a_nest_of_thread_character_design_rough_sket_3e955a60-857a-4c1b-92b9-fca003074d71_3.png	two-bluebirds-in-a-nest-of-thread-character-design-rough-sket-02.png
Two_bluebirds_in_a_nest_of_thread_character_design_rough_sket_726eb703-c119-4d3e-a191-a2e5d0061f07_1.png	two-bluebirds-in-a-nest-of-thread-character-design-rough-sket-03.png
Two_bluebirds_in_a_nest_of_thread_character_design_rough_sket_726eb703-c119-4d3e-a191-a2e5d0061f07_3.png	two-bluebirds-in-a-nest-of-thread-character-design-rough-sket-04.png
Two_bluebirds_in_a_nest_of_thread_character_design_rough_sket_b7e28524-97f2-45cf-a34e-f8b21fcf7bb5_2.png	two-bluebirds-in-a-nest-of-thread-character-design-rough-sket-05.png
Two_bluebirds_in_a_nest_of_thread_character_design_rough_sket_f4ebfa3d-b62b-4e6a-b73c-74caedeea69c_0.png	two-bluebirds-in-a-nest-of-thread-character-design-rough-sket-06.png
Two_bluebirds_in_a_nest_of_thread_character_design_rough_sket_f4ebfa3d-b62b-4e6a-b73c-74caedeea69c_2.png	two-bluebirds-in-a-nest-of-thread-character-design-rough-sket-07.png
Two_bluebirds_in_a_nest_of_thread_monochrome_hyper-realistic__17c42478-71fe-4688-8396-934e85ed08a9_0.png	two-bluebirds-in-a-nest-of-thread-monochrome-hyper-realistic-01.png
Two_bluebirds_in_a_nest_of_thread_monochrome_hyper-realistic__17c42478-71fe-4688-8396-934e85ed08a9_2.png	two-bluebirds-in-a-nest-of-thread-monochrome-hyper-realistic-02.png
Two_bluebirds_in_a_nest_of_thread_monochrome_hyper-realistic__8ce480b6-0d3a-448c-9953-b811c1ce07e6_2.png	two-bluebirds-in-a-nest-of-thread-monochrome-hyper-realistic-03.png
Two_bluebirds_in_a_nest_of_thread_monochrome_hyper-realistic__8ce480b6-0d3a-448c-9953-b811c1ce07e6_3.png	two-bluebirds-in-a-nest-of-thread-monochrome-hyper-realistic-04.png
Two_cats_curled_up_out_of_the_rain_a_flat_illustration_vector_2ea32df0-a0fb-42eb-91e5-8f87d3fc02ae_0.png	two-cats-curled-up-out-of-the-rain-a-flat-illustration-vector-01.png
Two_cats_curled_up_out_of_the_rain_a_flat_illustration_vector_2ea32df0-a0fb-42eb-91e5-8f87d3fc02ae_3.png	two-cats-curled-up-out-of-the-rain-a-flat-illustration-vector-02.png
Two_cats_curled_up_out_of_the_rain_character_design_rough_ske_3e4b99b3-a024-43c9-9ba2-bd3095e33b9f_0.png	two-cats-curled-up-out-of-the-rain-character-design-rough-ske-01.png
Two_cats_curled_up_out_of_the_rain_character_design_rough_ske_6585d791-8483-433c-a357-77cc3eacdcf2_0.png	two-cats-curled-up-out-of-the-rain-character-design-rough-ske-02.png
Two_cats_curled_up_out_of_the_rain_character_design_rough_ske_6585d791-8483-433c-a357-77cc3eacdcf2_3.png	two-cats-curled-up-out-of-the-rain-character-design-rough-ske-03.png
Two_cats_curled_up_out_of_the_rain_monochrome_hyper-realistic_a9171406-761f-4bad-89f0-3a36becac07c_3.png	two-cats-curled-up-out-of-the-rain-monochrome-hyper-realistic.png
Two_deer_stepped_softly_through_the_dew_a_flat_illustration_v_b89cae40-3caf-4599-8a57-bbed96efde24_2.png	animal-two-deer-stepped-softly-through-the-dew-a-flat-illustration-v-01.png
Two_deer_stepped_softly_through_the_dew_a_flat_illustration_v_f7ac1f57-7669-4dee-a1af-d911c7e636b6_2.png	animal-two-deer-stepped-softly-through-the-dew-a-flat-illustration-v-02.png
Two_deer_stepped_softly_through_the_dew_character_design_roug_dfccf48c-b556-46f5-93dc-e9f434164748_2.png	animal-two-deer-stepped-softly-through-the-dew-character-design-roug-01.png
Two_deer_stepped_softly_through_the_dew_character_design_roug_e632c202-5ec6-4241-aee3-469f5b2d37d6_0.png	animal-two-deer-stepped-softly-through-the-dew-character-design-roug-02.png
Two_deer_stepped_softly_through_the_dew_character_design_roug_e632c202-5ec6-4241-aee3-469f5b2d37d6_1.png	animal-two-deer-stepped-softly-through-the-dew-character-design-roug-03.png
Two_deer_stepped_softly_through_the_dew_character_design_roug_e632c202-5ec6-4241-aee3-469f5b2d37d6_2.png	animal-two-deer-stepped-softly-through-the-dew-character-design-roug-04.png
Two_deer_stepped_softly_through_the_dew_monochrome_hyper-real_3adda275-62b8-47ab-863f-bf487fcdfd54_3.png	animal-two-deer-stepped-softly-through-the-dew-monochrome-hyper-real-01.png
Two_deer_stepped_softly_through_the_dew_monochrome_hyper-real_96a0e8a5-813f-49db-a8a8-6a62b57985ed_0.png	animal-two-deer-stepped-softly-through-the-dew-monochrome-hyper-real-02.png
Two_deer_stepped_softly_through_the_dew_monochrome_hyper-real_96a0e8a5-813f-49db-a8a8-6a62b57985ed_2.png	animal-two-deer-stepped-softly-through-the-dew-monochrome-hyper-real-03.png
Two_foxes_blinked_as_the_cold_wind_blew_a_flat_illustration_v_6bc3007e-4032-458e-a6fd-4d169ea65704_0.png	two-foxes-blinked-as-the-cold-wind-blew-a-flat-illustration-v-01.png
Two_foxes_blinked_as_the_cold_wind_blew_a_flat_illustration_v_d54e212f-bf1a-4a58-a738-12d7b14b2f40_1.png	two-foxes-blinked-as-the-cold-wind-blew-a-flat-illustration-v-02.png
Two_foxes_blinked_as_the_cold_wind_blew_character_design_roug_79f57fed-f71c-4358-acfc-3d5bfd5def4e_1.png	two-foxes-blinked-as-the-cold-wind-blew-character-design-roug-01.png
Two_foxes_blinked_as_the_cold_wind_blew_character_design_roug_79f57fed-f71c-4358-acfc-3d5bfd5def4e_2.png	two-foxes-blinked-as-the-cold-wind-blew-character-design-roug-02.png
Two_foxes_blinked_as_the_cold_wind_blew_character_design_roug_79f57fed-f71c-4358-acfc-3d5bfd5def4e_3.png	two-foxes-blinked-as-the-cold-wind-blew-character-design-roug-03.png
Two_foxes_blinked_as_the_cold_wind_blew_monochrome_hyper-real_02a841b6-7891-4393-8ea5-222916a0132c_3.png	two-foxes-blinked-as-the-cold-wind-blew-monochrome-hyper-real-01.png
Two_foxes_blinked_as_the_cold_wind_blew_monochrome_hyper-real_d54163f0-9b2e-42be-b141-fff17ce166da_3.png	two-foxes-blinked-as-the-cold-wind-blew-monochrome-hyper-real-02.png
Two_frogs_jumped_left_and_then_to_right_a_flat_illustration_v_11c8153f-9933-4fc6-a713-718820da203f_0.png	two-frogs-jumped-left-and-then-to-right-a-flat-illustration-v-01.png
Two_frogs_jumped_left_and_then_to_right_a_flat_illustration_v_11c8153f-9933-4fc6-a713-718820da203f_3.png	two-frogs-jumped-left-and-then-to-right-a-flat-illustration-v-02.png
Two_frogs_jumped_left_and_then_to_right_a_flat_illustration_v_54b07d72-6d57-4081-af1f-e32c1a61e83a_0.png	two-frogs-jumped-left-and-then-to-right-a-flat-illustration-v-03.png
Two_frogs_jumped_left_and_then_to_right_character_design_roug_236f8076-c96f-4d4f-8a17-1dd27fb57b88_1.png	two-frogs-jumped-left-and-then-to-right-character-design-roug-01.png
Two_frogs_jumped_left_and_then_to_right_character_design_roug_4a0284cb-910a-4117-8147-2367e318a26f_0.png	two-frogs-jumped-left-and-then-to-right-character-design-roug-02.png
Two_frogs_jumped_left_and_then_to_right_character_design_roug_4a0284cb-910a-4117-8147-2367e318a26f_2.png	two-frogs-jumped-left-and-then-to-right-character-design-roug-03.png
Two_grasshoppers_in_a_paper_bag_a_flat_illustration_vector_il_0cae5de0-5a27-4a96-a455-df5d604af99a_2.png	two-grasshoppers-in-a-paper-bag-a-flat-illustration-vector-il-01.png
Two_grasshoppers_in_a_paper_bag_a_flat_illustration_vector_il_1719e4bf-5aa4-49c4-b22f-ee019f0ac66e_0.png	two-grasshoppers-in-a-paper-bag-a-flat-illustration-vector-il-02.png
Two_grasshoppers_in_a_paper_bag_a_flat_illustration_vector_il_1919828a-036e-4d83-917a-52108ef3b5b2_0.png	two-grasshoppers-in-a-paper-bag-a-flat-illustration-vector-il-03.png
Two_grasshoppers_in_a_paper_bag_a_flat_illustration_vector_il_1919828a-036e-4d83-917a-52108ef3b5b2_1.png	two-grasshoppers-in-a-paper-bag-a-flat-illustration-vector-il-04.png
Two_grasshoppers_in_a_paper_bag_character_design_rough_sketch_5896dec7-6023-44af-a14a-cf54a2f9c997_0.png	two-grasshoppers-in-a-paper-bag-character-design-rough-sketch-01.png
Two_grasshoppers_in_a_paper_bag_character_design_rough_sketch_5896dec7-6023-44af-a14a-cf54a2f9c997_2.png	two-grasshoppers-in-a-paper-bag-character-design-rough-sketch-02.png
Two_grasshoppers_in_a_paper_bag_character_design_rough_sketch_5896dec7-6023-44af-a14a-cf54a2f9c997_3.png	two-grasshoppers-in-a-paper-bag-character-design-rough-sketch-03.png
Two_grasshoppers_in_a_paper_bag_character_design_rough_sketch_90f3f409-4d92-451a-878a-756a86eff767_0.png	two-grasshoppers-in-a-paper-bag-character-design-rough-sketch-04.png
Two_grasshoppers_in_a_paper_bag_character_design_rough_sketch_90f3f409-4d92-451a-878a-756a86eff767_3.png	two-grasshoppers-in-a-paper-bag-character-design-rough-sketch-05.png
Two_grasshoppers_in_a_paper_bag_character_design_rough_sketch_f6f24055-e9da-4a31-9488-20fd7d2d8911_1.png	two-grasshoppers-in-a-paper-bag-character-design-rough-sketch-06.png
Two_grasshoppers_in_a_paper_bag_character_design_rough_sketch_f6f24055-e9da-4a31-9488-20fd7d2d8911_3.png	two-grasshoppers-in-a-paper-bag-character-design-rough-sketch-07.png
Two_grasshoppers_in_a_paper_bag_monochrome_hyper-realistic_ci_8eac1830-8b37-41c9-8fdf-a504b26fb1e1_1.png	two-grasshoppers-in-a-paper-bag-monochrome-hyper-realistic-ci-01.png
Two_grasshoppers_in_a_paper_bag_monochrome_hyper-realistic_ci_eb30a20c-a4b8-477f-9db2-bce604695b26_2.png	two-grasshoppers-in-a-paper-bag-monochrome-hyper-realistic-ci-02.png
Two_grasshoppers_in_a_paper_bag_monochrome_hyper-realistic_ci_eb30a20c-a4b8-477f-9db2-bce604695b26_3.png	two-grasshoppers-in-a-paper-bag-monochrome-hyper-realistic-ci-03.png
Two_little_dogs_with_tails_that_wag_a_flat_illustration_vecto_6319c4a0-bb29-4906-9aef-3a4e4d2921e9_0.png	two-little-dogs-with-tails-that-wag-a-flat-illustration-vecto-01.png
Two_little_dogs_with_tails_that_wag_a_flat_illustration_vecto_ef36127a-f3c0-4eb9-a2aa-8c10cb44b38f_1.png	two-little-dogs-with-tails-that-wag-a-flat-illustration-vecto-02.png
Two_little_dogs_with_tails_that_wag_character_design_rough_sk_86a790ba-f814-4498-9e80-40dd1a05f278_0.png	two-little-dogs-with-tails-that-wag-character-design-rough-sk.png
Two_sleepy_owls_with_tilted_heads_character_design_rough_sket_ac993fe3-63c6-4057-bd14-9ea8261fe4cf_2.png	two-sleepy-owls-with-tilted-heads-character-design-rough-sket.png
Two_snails_crept_slow_on_a_leafy_lane_a_flat_illustration_vec_de8c6196-aa1f-41bc-bc78-a6ff41211a64_0.png	two-snails-crept-slow-on-a-leafy-lane-a-flat-illustration-vec-01.png
Two_snails_crept_slow_on_a_leafy_lane_a_flat_illustration_vec_de8c6196-aa1f-41bc-bc78-a6ff41211a64_1.png	two-snails-crept-slow-on-a-leafy-lane-a-flat-illustration-vec-02.png
Two_snails_crept_slow_on_a_leafy_lane_a_flat_illustration_vec_de8c6196-aa1f-41bc-bc78-a6ff41211a64_2.png	two-snails-crept-slow-on-a-leafy-lane-a-flat-illustration-vec-03.png
Two_snails_crept_slow_on_a_leafy_lane_character_design_rough__7e22cb8c-f829-4b36-a47d-fba1c4cb090c_0.png	two-snails-crept-slow-on-a-leafy-lane-character-design-rough-01.png
Two_snails_crept_slow_on_a_leafy_lane_character_design_rough__7e22cb8c-f829-4b36-a47d-fba1c4cb090c_2.png	two-snails-crept-slow-on-a-leafy-lane-character-design-rough-02.png
Two_snails_crept_slow_on_a_leafy_lane_character_design_rough__7e22cb8c-f829-4b36-a47d-fba1c4cb090c_3.png	two-snails-crept-slow-on-a-leafy-lane-character-design-rough-03.png
Two_snails_crept_slow_on_a_leafy_lane_character_design_rough__a71365dd-8363-49b4-9fd8-f2fb7431edb4_0.png	two-snails-crept-slow-on-a-leafy-lane-character-design-rough-04.png
Two_snails_crept_slow_on_a_leafy_lane_character_design_rough__a71365dd-8363-49b4-9fd8-f2fb7431edb4_2.png	two-snails-crept-slow-on-a-leafy-lane-character-design-rough-05.png
Two_snails_crept_slow_on_a_leafy_lane_monochrome_hyper-realis_84c33072-712a-4314-bbc0-9eba4b39601c_1.png	two-snails-crept-slow-on-a-leafy-lane-monochrome-hyper-realis-01.png
Two_snails_crept_slow_on_a_leafy_lane_monochrome_hyper-realis_e34690fc-7617-4fcb-90da-a37e79a81596_1.png	two-snails-crept-slow-on-a-leafy-lane-monochrome-hyper-realis-02.png
Two_snails_crept_slow_on_a_leafy_lane_monochrome_hyper-realis_e34690fc-7617-4fcb-90da-a37e79a81596_3.png	two-snails-crept-slow-on-a-leafy-lane-monochrome-hyper-realis-03.png
Two-column_comparison_of_failure_modes_columns_Retrospective__17a84146-94ca-4a32-84f4-19e55aa32fd9_3.png	two-column-comparison-of-failure-modes-columns-retrospective.png
Voltmeter__ammeter__full_body_flat_vector_art._thick_black_li_161f8f90-8e82-4d22-bf5a-2c4bef3e2d6a_0.png	voltmeter-ammeter-01.png
Voltmeter__ammeter__full_body_flat_vector_art._thick_black_li_161f8f90-8e82-4d22-bf5a-2c4bef3e2d6a_2.png	voltmeter-ammeter-02.png
Voltmeter__ammeter__full_body_flat_vector_art._thick_black_li_161f8f90-8e82-4d22-bf5a-2c4bef3e2d6a_3.png	voltmeter-ammeter-03.png
Voltmeter__ammeter__full_body_flat_vector_art._thick_black_li_d303d5ab-00d2-4bca-8e3f-c5967dc5fded_1.png	voltmeter-ammeter-04.png
Walking_stick__stick_insect__full_body_flat_vector_art._thick_4144e1a5-52d8-4527-9326-a45972fa24cd_1.png	walking-stick-stick-insect.png
Wednesday_Addams_-_Pale_29-year-old_Swedish_and_Chinese_super_bf97d283-4e42-4d28-b5c6-1512ad43fefa_0.png	wednesday-addams-pale-29-year-old-swedish-and-chinese-super-01.png
Wednesday_Addams_-_Pale_29-year-old_Swedish_and_Chinese_super_bf97d283-4e42-4d28-b5c6-1512ad43fefa_1.png	wednesday-addams-pale-29-year-old-swedish-and-chinese-super-02.png
Wednesday_Addams_-_Pale_29-year-old_Swedish_and_Chinese_super_c3a93b6f-a8ad-431e-880f-0682a72f0f4a_3.png	wednesday-addams-pale-29-year-old-swedish-and-chinese-super-03.png
Wide_shot_of_a_snow-covered_North_Pole_workshop_exterior_at_d_21e3b59d-8012-4f60-8084-544aecf5ad2c_0.png	wide-shot-of-a-snow-covered-north-pole-workshop-exterior-at-d-01.png
Wide_shot_of_a_snow-covered_North_Pole_workshop_exterior_at_d_28d8e80b-1b53-411b-9f22-e7c7246fcc3a_2.png	wide-shot-of-a-snow-covered-north-pole-workshop-exterior-at-d-02.png
Wide_shot_of_a_snow-covered_North_Pole_workshop_exterior_at_d_4f32e811-cffa-4eb3-ac88-5c6032e23011_0.png	wide-shot-of-a-snow-covered-north-pole-workshop-exterior-at-d-03.png
Wide_shot_of_a_snow-covered_North_Pole_workshop_exterior_at_d_4f32e811-cffa-4eb3-ac88-5c6032e23011_1.png	wide-shot-of-a-snow-covered-north-pole-workshop-exterior-at-d-04.png
Wide_shot_of_a_snow-covered_North_Pole_workshop_exterior_at_d_4f32e811-cffa-4eb3-ac88-5c6032e23011_3.png	wide-shot-of-a-snow-covered-north-pole-workshop-exterior-at-d-05.png
Wide_shot_of_a_snow-covered_North_Pole_workshop_exterior_at_d_7280d3fb-a97b-4996-ab47-ea42ad3a9bbd_0.png	wide-shot-of-a-snow-covered-north-pole-workshop-exterior-at-d-06.png
Wide_shot_of_a_snow-covered_North_Pole_workshop_exterior_at_d_d431607c-e2c8-4555-a72f-0900cb989674_0.png	wide-shot-of-a-snow-covered-north-pole-workshop-exterior-at-d-07.png
Wolf__full_body_flat_vector_art._thick_black_lines._white_bac_1e18b6d5-ffd8-485e-9487-cf91caeae48d_1.png	wolf-01.png
Wolf__full_body_flat_vector_art._thick_black_lines._white_bac_584e5039-0231-45db-ab3e-79569b307157_2.png	wolf-02.png
Wolf__full_body_flat_vector_art._thick_black_lines._white_bac_6fc18b42-2e99-416c-a697-940202ff0f43_2.png	wolf-03.png
Wolf__full_body_flat_vector_art._thick_black_lines._white_bac_ee4f91c8-19ba-4798-892d-6b7c93d463df_2.png	wolf-04.png
Wombat__full_body_flat_vector_art._thick_black_lines._white_b_044eacc5-14fd-4ed1-b28f-2935b16f3bb4_0.png	animal-wombat-01.png
Wombat__full_body_flat_vector_art._thick_black_lines._white_b_044eacc5-14fd-4ed1-b28f-2935b16f3bb4_2.png	animal-wombat-02.png
Wombat__full_body_flat_vector_art._thick_black_lines._white_b_18d1a3bd-7119-4742-9b1c-e4daa03484d6_0.png	animal-wombat-03.png
Wombat__full_body_flat_vector_art._thick_black_lines._white_b_18d1a3bd-7119-4742-9b1c-e4daa03484d6_1.png	animal-wombat-04.png
Wombat__full_body_flat_vector_art._thick_black_lines._white_b_871d74e9-2373-4c6c-b118-fb8481fcbc26_0.png	animal-wombat-05.png
Wombat__full_body_flat_vector_art._thick_black_lines._white_b_b693911b-01cd-43f8-88e4-4e78dfdc3f5c_1.png	animal-wombat-06.png
Wombat__full_body_flat_vector_art._thick_black_lines._white_b_d0fe8e54-ef0f-402d-bc83-bc2a8feabcbf_0.png	animal-wombat-07.png
Wombat__full_body_flat_vector_art._thick_black_lines._white_b_e10d4a86-3701-4d31-87cf-440162fab590_0.png	animal-wombat-08.png
Wombat__full_body_flat_vector_art._thick_black_lines._white_b_e10d4a86-3701-4d31-87cf-440162fab590_1.png	animal-wombat-09.png
Zebra__full_body_flat_vector_art._thick_black_lines._white_ba_0500847e-9365-482f-9d87-c6f6fc6e61fa_3.png	animal-zebra-01.png
Zebra__full_body_flat_vector_art._thick_black_lines._white_ba_997be0a6-d419-412c-a905-330a41558569_0.png	animal-zebra-02.png
Zebra__full_body_flat_vector_art._thick_black_lines._white_ba_997be0a6-d419-412c-a905-330a41558569_2.png	animal-zebra-03.png
Zebra__full_body_flat_vector_art._thick_black_lines._white_ba_997be0a6-d419-412c-a905-330a41558569_3.png	animal-zebra-04.png
Zebra__full_body_flat_vector_art._thick_black_lines._white_ba_f67ca4e6-7d25-43e7-9240-f5b44238722d_1.png	animal-zebra-05.png
